yard_code,yard_zone,process_code,process_zone,process_type,yard_lat,yard_lon,process_lat,process_lon,l2_distance_m,baseline_travel_time_min
1dock-s-no-1,1dock,1dock-P-no-1,1dock,도장공장,34.869000,128.694400,34.869100,128.693200,110,0.44
1dock-s-no-1,1dock,1dock-P-no-2,1dock,도장공장,34.869000,128.694400,34.870500,128.693100,204.7,0.82
1dock-s-no-1,1dock,1dock-P-no-3,1dock,도장공장,34.869000,128.694400,34.871100,128.692400,296.3,1.19
1dock-s-no-1,1dock,1dock-P-no-4,1dock,도장공장,34.869000,128.694400,34.872100,128.694800,346.6,1.39
1dock-s-no-1,1dock,1dock-P-no-5,1dock,도장공장,34.869000,128.694400,34.872900,128.695400,443.2,1.77
1dock-s-no-1,1dock,1dock-P-no-6,1dock,도장공장,34.869000,128.694400,34.871800,128.692800,343.9,1.38
1dock-s-no-1,1dock,1dock-P-no-7,1dock,도장공장,34.869000,128.694400,34.873500,128.694400,500.4,2
1dock-s-no-1,1dock,1dock-f-no-1,1dock,의장공장,34.869000,128.694400,34.876350,128.702080,1076.5,4.31
1dock-s-no-1,1dock,2dock-f-no-1,1dock,의장공장,34.869000,128.694400,34.875200,128.701000,915.3,3.66
1dock-s-no-1,1dock,2dock-f-no-2,1dock,의장공장,34.869000,128.694400,34.876400,128.702300,1093.8,4.38
1dock-s-no-1,1dock,2dock-P-no-1,2dock,도장공장,34.869000,128.694400,34.873900,128.705400,1141.9,4.57
1dock-s-no-1,1dock,2dock-P-no-2,2dock,도장공장,34.869000,128.694400,34.874300,128.703700,1033,4.13
1dock-s-no-1,1dock,2dock-P-no-3,2dock,도장공장,34.869000,128.694400,34.875200,128.704600,1158.1,4.63
1dock-s-no-1,1dock,2dock-P-no-4,2dock,도장공장,34.869000,128.694400,34.875800,128.705300,1249.2,5
1dock-s-no-1,1dock,2dock-P-no-5,2dock,도장공장,34.869000,128.694400,34.875400,128.706300,1298.1,5.19
1dock-s-no-1,1dock,wharf-f-no-1,내업/하역안벽 권역,의장공장,34.869000,128.694400,34.869100,128.697000,237.5,0.95
1dock-s-no-1,1dock,wharf-f-no-2,내업/하역안벽 권역,의장공장,34.869000,128.694400,34.870600,128.696800,282.1,1.13
1dock-s-no-1,1dock,wharf-f-no-3,내업/하역안벽 권역,의장공장,34.869000,128.694400,34.870400,128.697600,330.8,1.32
1dock-s-no-1,1dock,wharf-f-no-4,내업/하역안벽 권역,의장공장,34.869000,128.694400,34.870700,128.697800,363.2,1.45
1dock-s-no-1,1dock,wharf-f-no-5,내업/하역안벽 권역,의장공장,34.869000,128.694400,34.871700,128.704300,951.7,3.81
1dock-s-no-1,1dock,texaco-f-no-1,GBS/Texaco/E1 권역,의장공장,34.869000,128.694400,34.863100,128.706900,1315.6,5.26
1dock-s-no-1,1dock,texaco-f-no-2,GBS/Texaco/E1 권역,의장공장,34.869000,128.694400,34.863600,128.707100,1304.9,5.22
1dock-s-no-1,1dock,texaco-f-no-3,GBS/Texaco/E1 권역,의장공장,34.869000,128.694400,34.868800,128.706900,1140.6,4.56
1dock-s-no-1,1dock,texaco-p-no-1,GBS/Texaco/E1 권역,도장공장,34.869000,128.694400,34.862700,128.708300,1448.7,5.79
1dock-s-no-1,1dock,texaco-p-no-2,GBS/Texaco/E1 권역,도장공장,34.869000,128.694400,34.862500,128.708700,1491.4,5.97
1dock-s-no-1,1dock,texaco-p-no-3,GBS/Texaco/E1 권역,도장공장,34.869000,128.694400,34.864200,128.708300,1375.8,5.5
1dock-s-no-1,1dock,texaco-p-no-4,GBS/Texaco/E1 권역,도장공장,34.869000,128.694400,34.863300,128.709900,1549.6,6.2
1dock-s-no-1,1dock,texaco-p-no-5,GBS/Texaco/E1 권역,도장공장,34.869000,128.694400,34.866500,128.706900,1173.7,4.69
1dock-s-no-1,1dock,texaco-p-no-6,GBS/Texaco/E1 권역,도장공장,34.869000,128.694400,34.865700,128.708100,1302.6,5.21
1dock-s-no-1,1dock,texaco-p-no-7,GBS/Texaco/E1 권역,도장공장,34.869000,128.694400,34.866900,128.708100,1271.4,5.09
1dock-s-no-1,1dock,texaco-p-no-8,GBS/Texaco/E1 권역,도장공장,34.869000,128.694400,34.866400,128.708700,1336.2,5.34
1dock-s-no-1,1dock,texaco-p-no-9,GBS/Texaco/E1 권역,도장공장,34.869000,128.694400,34.868700,128.706900,1140.8,4.56
1dock-s-no-1,1dock,e4-p-no-1,E4,도장공장,34.869000,128.694400,34.877900,128.719500,2494.5,9.98
1dock-s-no-1,1dock,e4-p-no-2,E4,도장공장,34.869000,128.694400,34.878200,128.720000,2549.6,10.2
1dock-s-no-1,1dock,e4-p-no-3,E4,도장공장,34.869000,128.694400,34.879200,128.721000,2678.6,10.71
1dock-s-no-1,1dock,e4-p-no-4,E4,도장공장,34.869000,128.694400,34.879400,128.719800,2589.7,10.36
1dock-s-no-1,1dock,e4-p-no-5,E4,도장공장,34.869000,128.694400,34.879100,128.718700,2485.1,9.94
1dock-s-no-1,1dock,e4-p-no-6,E4,도장공장,34.869000,128.694400,34.879500,128.719300,2554,10.22
1dock-s-no-1,1dock,e4-p-no-7,E4,도장공장,34.869000,128.694400,34.879800,128.719900,2618,10.47
1dock-s-no-1,1dock,e4-p-no-8,E4,도장공장,34.869000,128.694400,34.880300,128.720700,2708.4,10.83
1dock-s-no-1,1dock,e4-p-no-9,E4,도장공장,34.869000,128.694400,34.880300,128.718500,2532.3,10.13
1dock-s-no-1,1dock,e4-f-no-1,E4,의장공장,34.869000,128.694400,34.874400,128.719000,2323.1,9.29
1dock-s-no-1,1dock,e4-f-no-2,E4,의장공장,34.869000,128.694400,34.874500,128.719200,2343.6,9.37
1dock-s-no-1,1dock,e4-f-no-3,E4,의장공장,34.869000,128.694400,34.874700,128.719200,2349.5,9.4
1dock-s-no-1,1dock,e4-f-no-4,E4,의장공장,34.869000,128.694400,34.874800,128.719200,2352.6,9.41
1dock-s-no-1,1dock,e4-f-no-5,E4,의장공장,34.869000,128.694400,34.875200,128.719500,2391.3,9.57
1dock-s-no-2,1dock,1dock-P-no-1,1dock,도장공장,34.871300,128.696800,34.869100,128.693200,409.5,1.64
1dock-s-no-2,1dock,1dock-P-no-2,1dock,도장공장,34.871300,128.696800,34.870500,128.693100,349.1,1.4
1dock-s-no-2,1dock,1dock-P-no-3,1dock,도장공장,34.871300,128.696800,34.871100,128.692400,402,1.61
1dock-s-no-2,1dock,1dock-P-no-4,1dock,도장공장,34.871300,128.696800,34.872100,128.694800,203,0.81
1dock-s-no-2,1dock,1dock-P-no-5,1dock,도장공장,34.871300,128.696800,34.872900,128.695400,219,0.88
1dock-s-no-2,1dock,1dock-P-no-6,1dock,도장공장,34.871300,128.696800,34.871800,128.692800,369.1,1.48
1dock-s-no-2,1dock,1dock-P-no-7,1dock,도장공장,34.871300,128.696800,34.873500,128.694400,328.3,1.31
1dock-s-no-2,1dock,1dock-f-no-1,1dock,의장공장,34.871300,128.696800,34.876350,128.702080,739.8,2.96
1dock-s-no-2,1dock,2dock-f-no-1,1dock,의장공장,34.871300,128.696800,34.875200,128.701000,578.7,2.31
1dock-s-no-2,1dock,2dock-f-no-2,1dock,의장공장,34.871300,128.696800,34.876400,128.702300,757.2,3.03
1dock-s-no-2,1dock,2dock-P-no-1,2dock,도장공장,34.871300,128.696800,34.873900,128.705400,836.1,3.34
1dock-s-no-2,1dock,2dock-P-no-2,2dock,도장공장,34.871300,128.696800,34.874300,128.703700,712.4,2.85
1dock-s-no-2,1dock,2dock-P-no-3,2dock,도장공장,34.871300,128.696800,34.875200,128.704600,833.3,3.33
1dock-s-no-2,1dock,2dock-P-no-4,2dock,도장공장,34.871300,128.696800,34.875800,128.705300,922.9,3.69
1dock-s-no-2,1dock,2dock-P-no-5,2dock,도장공장,34.871300,128.696800,34.875400,128.706300,979.3,3.92
1dock-s-no-2,1dock,wharf-f-no-1,내업/하역안벽 권역,의장공장,34.871300,128.696800,34.869100,128.697000,245.3,0.98
1dock-s-no-2,1dock,wharf-f-no-2,내업/하역안벽 권역,의장공장,34.871300,128.696800,34.870600,128.696800,77.8,0.31
1dock-s-no-2,1dock,wharf-f-no-3,내업/하역안벽 권역,의장공장,34.871300,128.696800,34.870400,128.697600,123.9,0.5
1dock-s-no-2,1dock,wharf-f-no-4,내업/하역안벽 권역,의장공장,34.871300,128.696800,34.870700,128.697800,113,0.45
1dock-s-no-2,1dock,wharf-f-no-5,내업/하역안벽 권역,의장공장,34.871300,128.696800,34.871700,128.704300,685.6,2.74
1dock-s-no-2,1dock,texaco-f-no-1,GBS/Texaco/E1 권역,의장공장,34.871300,128.696800,34.863100,128.706900,1296.3,5.19
1dock-s-no-2,1dock,texaco-f-no-2,GBS/Texaco/E1 권역,의장공장,34.871300,128.696800,34.863600,128.707100,1271.2,5.08
1dock-s-no-2,1dock,texaco-f-no-3,GBS/Texaco/E1 권역,의장공장,34.871300,128.696800,34.868800,128.706900,962.4,3.85
1dock-s-no-2,1dock,texaco-p-no-1,GBS/Texaco/E1 권역,도장공장,34.871300,128.696800,34.862700,128.708300,1419.5,5.68
1dock-s-no-2,1dock,texaco-p-no-2,GBS/Texaco/E1 권역,도장공장,34.871300,128.696800,34.862500,128.708700,1461.5,5.85
1dock-s-no-2,1dock,texaco-p-no-3,GBS/Texaco/E1 권역,도장공장,34.871300,128.696800,34.864200,128.708300,1313,5.25
1dock-s-no-2,1dock,texaco-p-no-4,GBS/Texaco/E1 권역,도장공장,34.871300,128.696800,34.863300,128.709900,1489.8,5.96
1dock-s-no-2,1dock,texaco-p-no-5,GBS/Texaco/E1 권역,도장공장,34.871300,128.696800,34.866500,128.706900,1064.8,4.26
1dock-s-no-2,1dock,texaco-p-no-6,GBS/Texaco/E1 권역,도장공장,34.871300,128.696800,34.865700,128.708100,1204.3,4.82
1dock-s-no-2,1dock,texaco-p-no-7,GBS/Texaco/E1 권역,도장공장,34.871300,128.696800,34.866900,128.708100,1141.1,4.56
1dock-s-no-2,1dock,texaco-p-no-8,GBS/Texaco/E1 권역,도장공장,34.871300,128.696800,34.866400,128.708700,1214.7,4.86
1dock-s-no-2,1dock,texaco-p-no-9,GBS/Texaco/E1 권역,도장공장,34.871300,128.696800,34.868700,128.706900,965.7,3.86
1dock-s-no-2,1dock,e4-p-no-1,E4,도장공장,34.871300,128.696800,34.877900,128.719500,2197,8.79
1dock-s-no-2,1dock,e4-p-no-2,E4,도장공장,34.871300,128.696800,34.878200,128.720000,2251.2,9
1dock-s-no-2,1dock,e4-p-no-3,E4,도장공장,34.871300,128.696800,34.879200,128.721000,2376,9.5
1dock-s-no-2,1dock,e4-p-no-4,E4,도장공장,34.871300,128.696800,34.879400,128.719800,2283.4,9.13
1dock-s-no-2,1dock,e4-p-no-5,E4,도장공장,34.871300,128.696800,34.879100,128.718700,2178,8.71
1dock-s-no-2,1dock,e4-p-no-6,E4,도장공장,34.871300,128.696800,34.879500,128.719300,2246,8.98
1dock-s-no-2,1dock,e4-p-no-7,E4,도장공장,34.871300,128.696800,34.879800,128.719900,2309.6,9.24
1dock-s-no-2,1dock,e4-p-no-8,E4,도장공장,34.871300,128.696800,34.880300,128.720700,2399,9.6
1dock-s-no-2,1dock,e4-p-no-9,E4,도장공장,34.871300,128.696800,34.880300,128.718500,2218.2,8.87
1dock-s-no-2,1dock,e4-f-no-1,E4,의장공장,34.871300,128.696800,34.874400,128.719000,2054.4,8.22
1dock-s-no-2,1dock,e4-f-no-2,E4,의장공장,34.871300,128.696800,34.874500,128.719200,2074.2,8.3
1dock-s-no-2,1dock,e4-f-no-3,E4,의장공장,34.871300,128.696800,34.874700,128.719200,2078.2,8.31
1dock-s-no-2,1dock,e4-f-no-4,E4,의장공장,34.871300,128.696800,34.874800,128.719200,2080.2,8.32
1dock-s-no-2,1dock,e4-f-no-5,E4,의장공장,34.871300,128.696800,34.875200,128.719500,2115.8,8.46
1dock-s-no-3,1dock,1dock-P-no-1,1dock,도장공장,34.875190,128.696680,34.869100,128.693200,747.9,2.99
1dock-s-no-3,1dock,1dock-P-no-2,1dock,도장공장,34.875190,128.696680,34.870500,128.693100,615.3,2.46
1dock-s-no-3,1dock,1dock-P-no-3,1dock,도장공장,34.875190,128.696680,34.871100,128.692400,599.4,2.4
1dock-s-no-3,1dock,1dock-P-no-4,1dock,도장공장,34.875190,128.696680,34.872100,128.694800,384,1.54
1dock-s-no-3,1dock,1dock-P-no-5,1dock,도장공장,34.875190,128.696680,34.872900,128.695400,280.1,1.12
1dock-s-no-3,1dock,1dock-P-no-6,1dock,도장공장,34.875190,128.696680,34.871800,128.692800,517.1,2.07
1dock-s-no-3,1dock,1dock-P-no-7,1dock,도장공장,34.875190,128.696680,34.873500,128.694400,280.3,1.12
1dock-s-no-3,1dock,1dock-f-no-1,1dock,의장공장,34.875190,128.696680,34.876350,128.702080,509.2,2.04
1dock-s-no-3,1dock,2dock-f-no-1,1dock,의장공장,34.875190,128.696680,34.875200,128.701000,394.1,1.58
1dock-s-no-3,1dock,2dock-f-no-2,1dock,의장공장,34.875190,128.696680,34.876400,128.702300,530.1,2.12
1dock-s-no-3,1dock,2dock-P-no-1,2dock,도장공장,34.875190,128.696680,34.873900,128.705400,808.3,3.23
1dock-s-no-3,1dock,2dock-P-no-2,2dock,도장공장,34.875190,128.696680,34.874300,128.703700,648,2.59
1dock-s-no-3,1dock,2dock-P-no-3,2dock,도장공장,34.875190,128.696680,34.875200,128.704600,722.5,2.89
1dock-s-no-3,1dock,2dock-P-no-4,2dock,도장공장,34.875190,128.696680,34.875800,128.705300,789.3,3.16
1dock-s-no-3,1dock,2dock-P-no-5,2dock,도장공장,34.875190,128.696680,34.875400,128.706300,877.9,3.51
1dock-s-no-3,1dock,wharf-f-no-1,내업/하역안벽 권역,의장공장,34.875190,128.696680,34.869100,128.697000,677.8,2.71
1dock-s-no-3,1dock,wharf-f-no-2,내업/하역안벽 권역,의장공장,34.875190,128.696680,34.870600,128.696800,510.5,2.04
1dock-s-no-3,1dock,wharf-f-no-3,내업/하역안벽 권역,의장공장,34.875190,128.696680,34.870400,128.697600,539.2,2.16
1dock-s-no-3,1dock,wharf-f-no-4,내업/하역안벽 권역,의장공장,34.875190,128.696680,34.870700,128.697800,509.6,2.04
1dock-s-no-3,1dock,wharf-f-no-5,내업/하역안벽 권역,의장공장,34.875190,128.696680,34.871700,128.704300,796.1,3.18
1dock-s-no-3,1dock,texaco-f-no-1,GBS/Texaco/E1 권역,의장공장,34.875190,128.696680,34.863100,128.706900,1636,6.54
1dock-s-no-3,1dock,texaco-f-no-2,GBS/Texaco/E1 권역,의장공장,34.875190,128.696680,34.863600,128.707100,1601.4,6.41
1dock-s-no-3,1dock,texaco-f-no-3,GBS/Texaco/E1 권역,의장공장,34.875190,128.696680,34.868800,128.706900,1172.2,4.69
1dock-s-no-3,1dock,texaco-p-no-1,GBS/Texaco/E1 권역,도장공장,34.875190,128.696680,34.862700,128.708300,1747.2,6.99
1dock-s-no-3,1dock,texaco-p-no-2,GBS/Texaco/E1 권역,도장공장,34.875190,128.696680,34.862500,128.708700,1787,7.15
1dock-s-no-3,1dock,texaco-p-no-3,GBS/Texaco/E1 권역,도장공장,34.875190,128.696680,34.864200,128.708300,1617.7,6.47
1dock-s-no-3,1dock,texaco-p-no-4,GBS/Texaco/E1 권역,도장공장,34.875190,128.696680,34.863300,128.709900,1789.5,7.16
1dock-s-no-3,1dock,texaco-p-no-5,GBS/Texaco/E1 권역,도장공장,34.875190,128.696680,34.866500,128.706900,1342.7,5.37
1dock-s-no-3,1dock,texaco-p-no-6,GBS/Texaco/E1 권역,도장공장,34.875190,128.696680,34.865700,128.708100,1482.9,5.93
1dock-s-no-3,1dock,texaco-p-no-7,GBS/Texaco/E1 권역,도장공장,34.875190,128.696680,34.866900,128.708100,1391.1,5.56
1dock-s-no-3,1dock,texaco-p-no-8,GBS/Texaco/E1 권역,도장공장,34.875190,128.696680,34.866400,128.708700,1468.9,5.88
1dock-s-no-3,1dock,texaco-p-no-9,GBS/Texaco/E1 권역,도장공장,34.875190,128.696680,34.868700,128.706900,1179,4.72
1dock-s-no-3,1dock,e4-p-no-1,E4,도장공장,34.875190,128.696680,34.877900,128.719500,2103.5,8.41
1dock-s-no-3,1dock,e4-p-no-2,E4,도장공장,34.875190,128.696680,34.878200,128.720000,2153.6,8.61
1dock-s-no-3,1dock,e4-p-no-3,E4,도장공장,34.875190,128.696680,34.879200,128.721000,2263,9.05
1dock-s-no-3,1dock,e4-p-no-4,E4,도장공장,34.875190,128.696680,34.879400,128.719800,2160.5,8.64
1dock-s-no-3,1dock,e4-p-no-5,E4,도장공장,34.875190,128.696680,34.879100,128.718700,2055.3,8.22
1dock-s-no-3,1dock,e4-p-no-6,E4,도장공장,34.875190,128.696680,34.879500,128.719300,2118.5,8.47
1dock-s-no-3,1dock,e4-p-no-7,E4,도장공장,34.875190,128.696680,34.879800,128.719900,2179.4,8.72
1dock-s-no-3,1dock,e4-p-no-8,E4,도장공장,34.875190,128.696680,34.880300,128.720700,2263.7,9.05
1dock-s-no-3,1dock,e4-p-no-9,E4,도장공장,34.875190,128.696680,34.880300,128.718500,2070.1,8.28
1dock-s-no-3,1dock,e4-f-no-1,E4,의장공장,34.875190,128.696680,34.874400,128.719000,2038.1,8.15
1dock-s-no-3,1dock,e4-f-no-2,E4,의장공장,34.875190,128.696680,34.874500,128.719200,2055.9,8.22
1dock-s-no-3,1dock,e4-f-no-3,E4,의장공장,34.875190,128.696680,34.874700,128.719200,2055.2,8.22
1dock-s-no-3,1dock,e4-f-no-4,E4,의장공장,34.875190,128.696680,34.874800,128.719200,2054.9,8.22
1dock-s-no-3,1dock,e4-f-no-5,E4,의장공장,34.875190,128.696680,34.875200,128.719500,2081.8,8.33
1dock-s-no-4,1dock,1dock-P-no-1,1dock,도장공장,34.873300,128.694800,34.869100,128.693200,489.3,1.96
1dock-s-no-4,1dock,1dock-P-no-2,1dock,도장공장,34.873300,128.694800,34.870500,128.693100,347.8,1.39
1dock-s-no-4,1dock,1dock-P-no-3,1dock,도장공장,34.873300,128.694800,34.871100,128.692400,328.3,1.31
1dock-s-no-4,1dock,1dock-P-no-4,1dock,도장공장,34.873300,128.694800,34.872100,128.694800,133.4,0.53
1dock-s-no-4,1dock,1dock-P-no-5,1dock,도장공장,34.873300,128.694800,34.872900,128.695400,70.5,0.28
1dock-s-no-4,1dock,1dock-P-no-6,1dock,도장공장,34.873300,128.694800,34.871800,128.692800,247.2,0.99
1dock-s-no-4,1dock,1dock-P-no-7,1dock,도장공장,34.873300,128.694800,34.873500,128.694400,42.7,0.17
1dock-s-no-4,1dock,1dock-f-no-1,1dock,의장공장,34.873300,128.694800,34.876350,128.702080,745.7,2.98
1dock-s-no-4,1dock,2dock-f-no-1,1dock,의장공장,34.873300,128.694800,34.875200,128.701000,603.8,2.42
1dock-s-no-4,1dock,2dock-f-no-2,1dock,의장공장,34.873300,128.694800,34.876400,128.702300,766.1,3.06
1dock-s-no-4,1dock,2dock-P-no-1,2dock,도장공장,34.873300,128.694800,34.873900,128.705400,969.3,3.88
1dock-s-no-4,1dock,2dock-P-no-2,2dock,도장공장,34.873300,128.694800,34.874300,128.703700,819.5,3.28
1dock-s-no-4,1dock,2dock-P-no-3,2dock,도장공장,34.873300,128.694800,34.875200,128.704600,918.6,3.67
1dock-s-no-4,1dock,2dock-P-no-4,2dock,도장공장,34.873300,128.694800,34.875800,128.705300,997.4,3.99
1dock-s-no-4,1dock,2dock-P-no-5,2dock,도장공장,34.873300,128.694800,34.875400,128.706300,1074.8,4.3
1dock-s-no-4,1dock,wharf-f-no-1,내업/하역안벽 권역,의장공장,34.873300,128.694800,34.869100,128.697000,508.3,2.03
1dock-s-no-4,1dock,wharf-f-no-2,내업/하역안벽 권역,의장공장,34.873300,128.694800,34.870600,128.696800,351.3,1.41
1dock-s-no-4,1dock,wharf-f-no-3,내업/하역안벽 권역,의장공장,34.873300,128.694800,34.870400,128.697600,411.4,1.65
1dock-s-no-4,1dock,wharf-f-no-4,내업/하역안벽 권역,의장공장,34.873300,128.694800,34.870700,128.697800,398.1,1.59
1dock-s-no-4,1dock,wharf-f-no-5,내업/하역안벽 권역,의장공장,34.873300,128.694800,34.871700,128.704300,884.7,3.54
1dock-s-no-4,1dock,texaco-f-no-1,GBS/Texaco/E1 권역,의장공장,34.873300,128.694800,34.863100,128.706900,1582.7,6.33
1dock-s-no-4,1dock,texaco-f-no-2,GBS/Texaco/E1 권역,의장공장,34.873300,128.694800,34.863600,128.707100,1556.4,6.23
1dock-s-no-4,1dock,texaco-f-no-3,GBS/Texaco/E1 권역,의장공장,34.873300,128.694800,34.868800,128.706900,1212,4.85
1dock-s-no-4,1dock,texaco-p-no-1,GBS/Texaco/E1 권역,도장공장,34.873300,128.694800,34.862700,128.708300,1704.7,6.82
1dock-s-no-4,1dock,texaco-p-no-2,GBS/Texaco/E1 권역,도장공장,34.873300,128.694800,34.862500,128.708700,1746.5,6.99
1dock-s-no-4,1dock,texaco-p-no-3,GBS/Texaco/E1 권역,도장공장,34.873300,128.694800,34.864200,128.708300,1593.9,6.38
1dock-s-no-4,1dock,texaco-p-no-4,GBS/Texaco/E1 권역,도장공장,34.873300,128.694800,34.863300,128.709900,1770.3,7.08
1dock-s-no-4,1dock,texaco-p-no-5,GBS/Texaco/E1 권역,도장공장,34.873300,128.694800,34.866500,128.706900,1338,5.35
1dock-s-no-4,1dock,texaco-p-no-6,GBS/Texaco/E1 권역,도장공장,34.873300,128.694800,34.865700,128.708100,1478.6,5.91
1dock-s-no-4,1dock,texaco-p-no-7,GBS/Texaco/E1 권역,도장공장,34.873300,128.694800,34.866900,128.708100,1406.6,5.63
1dock-s-no-4,1dock,texaco-p-no-8,GBS/Texaco/E1 권역,도장공장,34.873300,128.694800,34.866400,128.708700,1482.1,5.93
1dock-s-no-4,1dock,texaco-p-no-9,GBS/Texaco/E1 권역,도장공장,34.873300,128.694800,34.868700,128.706900,1216.6,4.87
1dock-s-no-4,1dock,e4-p-no-1,E4,도장공장,34.873300,128.694800,34.877900,128.719500,2310.6,9.24
1dock-s-no-4,1dock,e4-p-no-2,E4,도장공장,34.873300,128.694800,34.878200,128.720000,2362.6,9.45
1dock-s-no-4,1dock,e4-p-no-3,E4,도장공장,34.873300,128.694800,34.879200,128.721000,2478.5,9.91
1dock-s-no-4,1dock,e4-p-no-4,E4,도장공장,34.873300,128.694800,34.879400,128.719800,2379.4,9.52
1dock-s-no-4,1dock,e4-p-no-5,E4,도장공장,34.873300,128.694800,34.879100,128.718700,2273.7,9.09
1dock-s-no-4,1dock,e4-p-no-6,E4,도장공장,34.873300,128.694800,34.879500,128.719300,2339,9.36
1dock-s-no-4,1dock,e4-p-no-7,E4,도장공장,34.873300,128.694800,34.879800,128.719900,2401.2,9.6
1dock-s-no-4,1dock,e4-p-no-8,E4,도장공장,34.873300,128.694800,34.880300,128.720700,2487.7,9.95
1dock-s-no-4,1dock,e4-p-no-9,E4,도장공장,34.873300,128.694800,34.880300,128.718500,2297.9,9.19
1dock-s-no-4,1dock,e4-f-no-1,E4,의장공장,34.873300,128.694800,34.874400,128.719000,2211.1,8.84
1dock-s-no-4,1dock,e4-f-no-2,E4,의장공장,34.873300,128.694800,34.874500,128.719200,2229.9,8.92
1dock-s-no-4,1dock,e4-f-no-3,E4,의장공장,34.873300,128.694800,34.874700,128.719200,2231.4,8.93
1dock-s-no-4,1dock,e4-f-no-4,E4,의장공장,34.873300,128.694800,34.874800,128.719200,2232.2,8.93
1dock-s-no-4,1dock,e4-f-no-5,E4,의장공장,34.873300,128.694800,34.875200,128.719500,2263.2,9.05
2dock-s-no-1,2dock,1dock-P-no-1,1dock,도장공장,34.873000,128.702100,34.869100,128.693200,920.5,3.68
2dock-s-no-1,2dock,1dock-P-no-2,1dock,도장공장,34.873000,128.702100,34.870500,128.693100,866.8,3.47
2dock-s-no-1,2dock,1dock-P-no-3,1dock,도장공장,34.873000,128.702100,34.871100,128.692400,909.8,3.64
2dock-s-no-1,2dock,1dock-P-no-4,1dock,도장공장,34.873000,128.702100,34.872100,128.694800,673.4,2.69
2dock-s-no-1,2dock,1dock-P-no-5,1dock,도장공장,34.873000,128.702100,34.872900,128.695400,611.3,2.45
2dock-s-no-1,2dock,1dock-P-no-6,1dock,도장공장,34.873000,128.702100,34.871800,128.692800,858.8,3.44
2dock-s-no-1,2dock,1dock-P-no-7,1dock,도장공장,34.873000,128.702100,34.873500,128.694400,704.6,2.82
2dock-s-no-1,2dock,1dock-f-no-1,1dock,의장공장,34.873000,128.702100,34.876350,128.702080,372.5,1.49
2dock-s-no-1,2dock,2dock-f-no-1,1dock,의장공장,34.873000,128.702100,34.875200,128.701000,264.4,1.06
2dock-s-no-1,2dock,2dock-f-no-2,1dock,의장공장,34.873000,128.702100,34.876400,128.702300,378.5,1.51
2dock-s-no-1,2dock,2dock-P-no-1,2dock,도장공장,34.873000,128.702100,34.873900,128.705400,317.2,1.27
2dock-s-no-1,2dock,2dock-P-no-2,2dock,도장공장,34.873000,128.702100,34.874300,128.703700,205.4,0.82
2dock-s-no-1,2dock,2dock-P-no-3,2dock,도장공장,34.873000,128.702100,34.875200,128.704600,334.5,1.34
2dock-s-no-1,2dock,2dock-P-no-4,2dock,도장공장,34.873000,128.702100,34.875800,128.705300,426.8,1.71
2dock-s-no-1,2dock,2dock-P-no-5,2dock,도장공장,34.873000,128.702100,34.875400,128.706300,466.9,1.87
2dock-s-no-1,2dock,wharf-f-no-1,내업/하역안벽 권역,의장공장,34.873000,128.702100,34.869100,128.697000,636,2.54
2dock-s-no-1,2dock,wharf-f-no-2,내업/하역안벽 권역,의장공장,34.873000,128.702100,34.870600,128.696800,552.3,2.21
2dock-s-no-1,2dock,wharf-f-no-3,내업/하역안벽 권역,의장공장,34.873000,128.702100,34.870400,128.697600,502.1,2.01
2dock-s-no-1,2dock,wharf-f-no-4,내업/하역안벽 권역,의장공장,34.873000,128.702100,34.870700,128.697800,468.3,1.87
2dock-s-no-1,2dock,wharf-f-no-5,내업/하역안벽 권역,의장공장,34.873000,128.702100,34.871700,128.704300,247.3,0.99
2dock-s-no-1,2dock,texaco-f-no-1,GBS/Texaco/E1 권역,의장공장,34.873000,128.702100,34.863100,128.706900,1184.7,4.74
2dock-s-no-1,2dock,texaco-f-no-2,GBS/Texaco/E1 권역,의장공장,34.873000,128.702100,34.863600,128.707100,1140.4,4.56
2dock-s-no-1,2dock,texaco-f-no-3,GBS/Texaco/E1 권역,의장공장,34.873000,128.702100,34.868800,128.706900,640.2,2.56
2dock-s-no-1,2dock,texaco-p-no-1,GBS/Texaco/E1 권역,도장공장,34.873000,128.702100,34.862700,128.708300,1277.4,5.11
2dock-s-no-1,2dock,texaco-p-no-2,GBS/Texaco/E1 권역,도장공장,34.873000,128.702100,34.862500,128.708700,1313.7,5.25
2dock-s-no-1,2dock,texaco-p-no-3,GBS/Texaco/E1 권역,도장공장,34.873000,128.702100,34.864200,128.708300,1130.2,4.52
2dock-s-no-1,2dock,texaco-p-no-4,GBS/Texaco/E1 권역,도장공장,34.873000,128.702100,34.863300,128.709900,1292.2,5.17
2dock-s-no-1,2dock,texaco-p-no-5,GBS/Texaco/E1 권역,도장공장,34.873000,128.702100,34.866500,128.706900,845.1,3.38
2dock-s-no-1,2dock,texaco-p-no-6,GBS/Texaco/E1 권역,도장공장,34.873000,128.702100,34.865700,128.708100,979,3.92
2dock-s-no-1,2dock,texaco-p-no-7,GBS/Texaco/E1 권역,도장공장,34.873000,128.702100,34.866900,128.708100,871.6,3.49
2dock-s-no-1,2dock,texaco-p-no-8,GBS/Texaco/E1 권역,도장공장,34.873000,128.702100,34.866400,128.708700,949.3,3.8
2dock-s-no-1,2dock,texaco-p-no-9,GBS/Texaco/E1 권역,도장공장,34.873000,128.702100,34.868700,128.706900,648.4,2.59
2dock-s-no-1,2dock,e4-p-no-1,E4,도장공장,34.873000,128.702100,34.877900,128.719500,1678.3,6.71
2dock-s-no-1,2dock,e4-p-no-2,E4,도장공장,34.873000,128.702100,34.878200,128.720000,1732.3,6.93
2dock-s-no-1,2dock,e4-p-no-3,E4,도장공장,34.873000,128.702100,34.879200,128.721000,1856.9,7.43
2dock-s-no-1,2dock,e4-p-no-4,E4,도장공장,34.873000,128.702100,34.879400,128.719800,1764.6,7.06
2dock-s-no-1,2dock,e4-p-no-5,E4,도장공장,34.873000,128.702100,34.879100,128.718700,1659.3,6.64
2dock-s-no-1,2dock,e4-p-no-6,E4,도장공장,34.873000,128.702100,34.879500,128.719300,1727.6,6.91
2dock-s-no-1,2dock,e4-p-no-7,E4,도장공장,34.873000,128.702100,34.879800,128.719900,1791.3,7.17
2dock-s-no-1,2dock,e4-p-no-8,E4,도장공장,34.873000,128.702100,34.880300,128.720700,1881,7.52
2dock-s-no-1,2dock,e4-p-no-9,E4,도장공장,34.873000,128.702100,34.880300,128.718500,1702.1,6.81
2dock-s-no-1,2dock,e4-f-no-1,E4,의장공장,34.873000,128.702100,34.874400,128.719000,1549.6,6.2
2dock-s-no-1,2dock,e4-f-no-2,E4,의장공장,34.873000,128.702100,34.874500,128.719200,1568.9,6.28
2dock-s-no-1,2dock,e4-f-no-3,E4,의장공장,34.873000,128.702100,34.874700,128.719200,1571.4,6.29
2dock-s-no-1,2dock,e4-f-no-4,E4,의장공장,34.873000,128.702100,34.874800,128.719200,1572.8,6.29
2dock-s-no-1,2dock,e4-f-no-5,E4,의장공장,34.873000,128.702100,34.875200,128.719500,1606.1,6.42
2dock-s-no-2,2dock,1dock-P-no-1,1dock,도장공장,34.873100,128.704000,34.869100,128.693200,1081,4.32
2dock-s-no-2,2dock,1dock-P-no-2,1dock,도장공장,34.873100,128.704000,34.870500,128.693100,1035.5,4.14
2dock-s-no-2,2dock,1dock-P-no-3,1dock,도장공장,34.873100,128.704000,34.871100,128.692400,1081.3,4.33
2dock-s-no-2,2dock,1dock-P-no-4,1dock,도장공장,34.873100,128.704000,34.872100,128.694800,846.6,3.39
2dock-s-no-2,2dock,1dock-P-no-5,1dock,도장공장,34.873100,128.704000,34.872900,128.695400,784.9,3.14
2dock-s-no-2,2dock,1dock-P-no-6,1dock,도장공장,34.873100,128.704000,34.871800,128.692800,1031.9,4.13
2dock-s-no-2,2dock,1dock-P-no-7,1dock,도장공장,34.873100,128.704000,34.873500,128.694400,876.9,3.51
2dock-s-no-2,2dock,1dock-f-no-1,1dock,의장공장,34.873100,128.704000,34.876350,128.702080,401.6,1.61
2dock-s-no-2,2dock,2dock-f-no-1,1dock,의장공장,34.873100,128.704000,34.875200,128.701000,359.8,1.44
2dock-s-no-2,2dock,2dock-f-no-2,1dock,의장공장,34.873100,128.704000,34.876400,128.702300,398.4,1.59
2dock-s-no-2,2dock,2dock-P-no-1,2dock,도장공장,34.873100,128.704000,34.873900,128.705400,155.6,0.62
2dock-s-no-2,2dock,2dock-P-no-2,2dock,도장공장,34.873100,128.704000,34.874300,128.703700,136.2,0.54
2dock-s-no-2,2dock,2dock-P-no-3,2dock,도장공장,34.873100,128.704000,34.875200,128.704600,239.8,0.96
2dock-s-no-2,2dock,2dock-P-no-4,2dock,도장공장,34.873100,128.704000,34.875800,128.705300,322.8,1.29
2dock-s-no-2,2dock,2dock-P-no-5,2dock,도장공장,34.873100,128.704000,34.875400,128.706300,330.8,1.32
2dock-s-no-2,2dock,wharf-f-no-1,내업/하역안벽 권역,의장공장,34.873100,128.704000,34.869100,128.697000,778.2,3.11
2dock-s-no-2,2dock,wharf-f-no-2,내업/하역안벽 권역,의장공장,34.873100,128.704000,34.870600,128.696800,713.2,2.85
2dock-s-no-2,2dock,wharf-f-no-3,내업/하역안벽 권역,의장공장,34.873100,128.704000,34.870400,128.697600,656.5,2.63
2dock-s-no-2,2dock,wharf-f-no-4,내업/하역안벽 권역,의장공장,34.873100,128.704000,34.870700,128.697800,625.4,2.5
2dock-s-no-2,2dock,wharf-f-no-5,내업/하역안벽 권역,의장공장,34.873100,128.704000,34.871700,128.704300,158.1,0.63
2dock-s-no-2,2dock,texaco-f-no-1,GBS/Texaco/E1 권역,의장공장,34.873100,128.704000,34.863100,128.706900,1143,4.57
2dock-s-no-2,2dock,texaco-f-no-2,GBS/Texaco/E1 권역,의장공장,34.873100,128.704000,34.863600,128.707100,1093.6,4.37
2dock-s-no-2,2dock,texaco-f-no-3,GBS/Texaco/E1 권역,의장공장,34.873100,128.704000,34.868800,128.706900,546.4,2.19
2dock-s-no-2,2dock,texaco-p-no-1,GBS/Texaco/E1 권역,도장공장,34.873100,128.704000,34.862700,128.708300,1221.1,4.88
2dock-s-no-2,2dock,texaco-p-no-2,GBS/Texaco/E1 권역,도장공장,34.873100,128.704000,34.862500,128.708700,1254.2,5.02
2dock-s-no-2,2dock,texaco-p-no-3,GBS/Texaco/E1 권역,도장공장,34.873100,128.704000,34.864200,128.708300,1064.5,4.26
2dock-s-no-2,2dock,texaco-p-no-4,GBS/Texaco/E1 권역,도장공장,34.873100,128.704000,34.863300,128.709900,1215.4,4.86
2dock-s-no-2,2dock,texaco-p-no-5,GBS/Texaco/E1 권역,도장공장,34.873100,128.704000,34.866500,128.706900,780.1,3.12
2dock-s-no-2,2dock,texaco-p-no-6,GBS/Texaco/E1 권역,도장공장,34.873100,128.704000,34.865700,128.708100,903.9,3.62
2dock-s-no-2,2dock,texaco-p-no-7,GBS/Texaco/E1 권역,도장공장,34.873100,128.704000,34.866900,128.708100,784.3,3.14
2dock-s-no-2,2dock,texaco-p-no-8,GBS/Texaco/E1 권역,도장공장,34.873100,128.704000,34.866400,128.708700,859.6,3.44
2dock-s-no-2,2dock,texaco-p-no-9,GBS/Texaco/E1 권역,도장공장,34.873100,128.704000,34.868700,128.706900,556.2,2.22
2dock-s-no-2,2dock,e4-p-no-1,E4,도장공장,34.873100,128.704000,34.877900,128.719500,1511.4,6.05
2dock-s-no-2,2dock,e4-p-no-2,E4,도장공장,34.873100,128.704000,34.878200,128.720000,1565.9,6.26
2dock-s-no-2,2dock,e4-p-no-3,E4,도장공장,34.873100,128.704000,34.879200,128.721000,1692.7,6.77
2dock-s-no-2,2dock,e4-p-no-4,E4,도장공장,34.873100,128.704000,34.879400,128.719800,1602.6,6.41
2dock-s-no-2,2dock,e4-p-no-5,E4,도장공장,34.873100,128.704000,34.879100,128.718700,1497.8,5.99
2dock-s-no-2,2dock,e4-p-no-6,E4,도장공장,34.873100,128.704000,34.879500,128.719300,1566.7,6.27
2dock-s-no-2,2dock,e4-p-no-7,E4,도장공장,34.873100,128.704000,34.879800,128.719900,1630.6,6.52
2dock-s-no-2,2dock,e4-p-no-8,E4,도장공장,34.873100,128.704000,34.880300,128.720700,1721,6.88
2dock-s-no-2,2dock,e4-p-no-9,E4,도장공장,34.873100,128.704000,34.880300,128.718500,1546.2,6.18
2dock-s-no-2,2dock,e4-f-no-1,E4,의장공장,34.873100,128.704000,34.874400,128.719000,1376,5.5
2dock-s-no-2,2dock,e4-f-no-2,E4,의장공장,34.873100,128.704000,34.874500,128.719200,1395.4,5.58
2dock-s-no-2,2dock,e4-f-no-3,E4,의장공장,34.873100,128.704000,34.874700,128.719200,1398,5.59
2dock-s-no-2,2dock,e4-f-no-4,E4,의장공장,34.873100,128.704000,34.874800,128.719200,1399.5,5.6
2dock-s-no-2,2dock,e4-f-no-5,E4,의장공장,34.873100,128.704000,34.875200,128.719500,1433.2,5.73
2dock-s-no-3,2dock,1dock-P-no-1,1dock,도장공장,34.872500,128.704000,34.869100,128.693200,1055.3,4.22
2dock-s-no-3,2dock,1dock-P-no-2,1dock,도장공장,34.872500,128.704000,34.870500,128.693100,1018.9,4.08
2dock-s-no-3,2dock,1dock-P-no-3,1dock,도장공장,34.872500,128.704000,34.871100,128.692400,1069.6,4.28
2dock-s-no-3,2dock,1dock-P-no-4,1dock,도장공장,34.872500,128.704000,34.872100,128.694800,840.5,3.36
2dock-s-no-3,2dock,1dock-P-no-5,1dock,도장공장,34.872500,128.704000,34.872900,128.695400,785.8,3.14
2dock-s-no-3,2dock,1dock-P-no-6,1dock,도장공장,34.872500,128.704000,34.871800,128.692800,1024.7,4.1
2dock-s-no-3,2dock,1dock-P-no-7,1dock,도장공장,34.872500,128.704000,34.873500,128.694400,882.8,3.53
2dock-s-no-3,2dock,1dock-f-no-1,1dock,의장공장,34.872500,128.704000,34.876350,128.702080,462.5,1.85
2dock-s-no-3,2dock,2dock-f-no-1,1dock,의장공장,34.872500,128.704000,34.875200,128.701000,406.2,1.62
2dock-s-no-3,2dock,2dock-f-no-2,1dock,의장공장,34.872500,128.704000,34.876400,128.702300,460.6,1.84
2dock-s-no-3,2dock,2dock-P-no-1,2dock,도장공장,34.872500,128.704000,34.873900,128.705400,201.4,0.81
2dock-s-no-3,2dock,2dock-P-no-2,2dock,도장공장,34.872500,128.704000,34.874300,128.703700,202,0.81
2dock-s-no-3,2dock,2dock-P-no-3,2dock,도장공장,34.872500,128.704000,34.875200,128.704600,305.2,1.22
2dock-s-no-3,2dock,2dock-P-no-4,2dock,도장공장,34.872500,128.704000,34.875800,128.705300,385.6,1.54
2dock-s-no-3,2dock,2dock-P-no-5,2dock,도장공장,34.872500,128.704000,34.875400,128.706300,384.7,1.54
2dock-s-no-3,2dock,wharf-f-no-1,내업/하역안벽 권역,의장공장,34.872500,128.704000,34.869100,128.697000,742.1,2.97
2dock-s-no-3,2dock,wharf-f-no-2,내업/하역안벽 권역,의장공장,34.872500,128.704000,34.870600,128.696800,690,2.76
2dock-s-no-3,2dock,wharf-f-no-3,내업/하역안벽 권역,의장공장,34.872500,128.704000,34.870400,128.697600,628.8,2.52
2dock-s-no-3,2dock,wharf-f-no-4,내업/하역안벽 권역,의장공장,34.872500,128.704000,34.870700,128.697800,600,2.4
2dock-s-no-3,2dock,wharf-f-no-5,내업/하역안벽 권역,의장공장,34.872500,128.704000,34.871700,128.704300,93.1,0.37
2dock-s-no-3,2dock,texaco-f-no-1,GBS/Texaco/E1 권역,의장공장,34.872500,128.704000,34.863100,128.706900,1078.2,4.31
2dock-s-no-3,2dock,texaco-f-no-2,GBS/Texaco/E1 권역,의장공장,34.872500,128.704000,34.863600,128.707100,1029.2,4.12
2dock-s-no-3,2dock,texaco-f-no-3,GBS/Texaco/E1 권역,의장공장,34.872500,128.704000,34.868800,128.706900,489.1,1.96
2dock-s-no-3,2dock,texaco-p-no-1,GBS/Texaco/E1 권역,도장공장,34.872500,128.704000,34.862700,128.708300,1158.2,4.63
2dock-s-no-3,2dock,texaco-p-no-2,GBS/Texaco/E1 권역,도장공장,34.872500,128.704000,34.862500,128.708700,1191.8,4.77
2dock-s-no-3,2dock,texaco-p-no-3,GBS/Texaco/E1 권역,도장공장,34.872500,128.704000,34.864200,128.708300,1002.8,4.01
2dock-s-no-3,2dock,texaco-p-no-4,GBS/Texaco/E1 권역,도장공장,34.872500,128.704000,34.863300,128.709900,1155.9,4.62
2dock-s-no-3,2dock,texaco-p-no-5,GBS/Texaco/E1 권역,도장공장,34.872500,128.704000,34.866500,128.706900,717.7,2.87
2dock-s-no-3,2dock,texaco-p-no-6,GBS/Texaco/E1 권역,도장공장,34.872500,128.704000,34.865700,128.708100,843.6,3.37
2dock-s-no-3,2dock,texaco-p-no-7,GBS/Texaco/E1 권역,도장공장,34.872500,128.704000,34.866900,128.708100,726.4,2.91
2dock-s-no-3,2dock,texaco-p-no-8,GBS/Texaco/E1 권역,도장공장,34.872500,128.704000,34.866400,128.708700,802.4,3.21
2dock-s-no-3,2dock,texaco-p-no-9,GBS/Texaco/E1 권역,도장공장,34.872500,128.704000,34.868700,128.706900,498.5,1.99
2dock-s-no-3,2dock,e4-p-no-1,E4,도장공장,34.872500,128.704000,34.877900,128.719500,1536.2,6.14
2dock-s-no-3,2dock,e4-p-no-2,E4,도장공장,34.872500,128.704000,34.878200,128.720000,1591.3,6.37
2dock-s-no-3,2dock,e4-p-no-3,E4,도장공장,34.872500,128.704000,34.879200,128.721000,1720.5,6.88
2dock-s-no-3,2dock,e4-p-no-4,E4,도장공장,34.872500,128.704000,34.879400,128.719800,1632.9,6.53
2dock-s-no-3,2dock,e4-p-no-5,E4,도장공장,34.872500,128.704000,34.879100,128.718700,1528.7,6.11
2dock-s-no-3,2dock,e4-p-no-6,E4,도장공장,34.872500,128.704000,34.879500,128.719300,1598.1,6.39
2dock-s-no-3,2dock,e4-p-no-7,E4,도장공장,34.872500,128.704000,34.879800,128.719900,1662.2,6.65
2dock-s-no-3,2dock,e4-p-no-8,E4,도장공장,34.872500,128.704000,34.880300,128.720700,1753.1,7.01
2dock-s-no-3,2dock,e4-p-no-9,E4,도장공장,34.872500,128.704000,34.880300,128.718500,1581.8,6.33
2dock-s-no-3,2dock,e4-f-no-1,E4,의장공장,34.872500,128.704000,34.874400,128.719000,1384.6,5.54
2dock-s-no-3,2dock,e4-f-no-2,E4,의장공장,34.872500,128.704000,34.874500,128.719200,1404.4,5.62
2dock-s-no-3,2dock,e4-f-no-3,E4,의장공장,34.872500,128.704000,34.874700,128.719200,1408.1,5.63
2dock-s-no-3,2dock,e4-f-no-4,E4,의장공장,34.872500,128.704000,34.874800,128.719200,1410,5.64
2dock-s-no-3,2dock,e4-f-no-5,E4,의장공장,34.872500,128.704000,34.875200,128.719500,1445.5,5.78
2dock-s-no-4,2dock,1dock-P-no-1,1dock,도장공장,34.876500,128.707000,34.869100,128.693200,1504,6.02
2dock-s-no-4,2dock,1dock-P-no-2,1dock,도장공장,34.876500,128.707000,34.870500,128.693100,1432.9,5.73
2dock-s-no-4,2dock,1dock-P-no-3,1dock,도장공장,34.876500,128.707000,34.871100,128.692400,1461,5.84
2dock-s-no-4,2dock,1dock-P-no-4,1dock,도장공장,34.876500,128.707000,34.872100,128.694800,1215.8,4.86
2dock-s-no-4,2dock,1dock-P-no-5,1dock,도장공장,34.876500,128.707000,34.872900,128.695400,1131.4,4.53
2dock-s-no-4,2dock,1dock-P-no-6,1dock,도장공장,34.876500,128.707000,34.871800,128.692800,1396.9,5.59
2dock-s-no-4,2dock,1dock-P-no-7,1dock,도장공장,34.876500,128.707000,34.873500,128.694400,1196.9,4.79
2dock-s-no-4,2dock,1dock-f-no-1,1dock,의장공장,34.876500,128.707000,34.876350,128.702080,449.1,1.8
2dock-s-no-4,2dock,2dock-f-no-1,1dock,의장공장,34.876500,128.707000,34.875200,128.701000,566.1,2.26
2dock-s-no-4,2dock,2dock-f-no-2,1dock,의장공장,34.876500,128.707000,34.876400,128.702300,428.9,1.72
2dock-s-no-4,2dock,2dock-P-no-1,2dock,도장공장,34.876500,128.707000,34.873900,128.705400,323.9,1.3
2dock-s-no-4,2dock,2dock-P-no-2,2dock,도장공장,34.876500,128.707000,34.874300,128.703700,387.9,1.55
2dock-s-no-4,2dock,2dock-P-no-3,2dock,도장공장,34.876500,128.707000,34.875200,128.704600,262.4,1.05
2dock-s-no-4,2dock,2dock-P-no-4,2dock,도장공장,34.876500,128.707000,34.875800,128.705300,173.5,0.69
2dock-s-no-4,2dock,2dock-P-no-5,2dock,도장공장,34.876500,128.707000,34.875400,128.706300,138,0.55
2dock-s-no-4,2dock,wharf-f-no-1,내업/하역안벽 권역,의장공장,34.876500,128.707000,34.869100,128.697000,1228.5,4.91
2dock-s-no-4,2dock,wharf-f-no-2,내업/하역안벽 권역,의장공장,34.876500,128.707000,34.870600,128.696800,1138.5,4.55
2dock-s-no-4,2dock,wharf-f-no-3,내업/하역안벽 권역,의장공장,34.876500,128.707000,34.870400,128.697600,1093.4,4.37
2dock-s-no-4,2dock,wharf-f-no-4,내업/하역안벽 권역,의장공장,34.876500,128.707000,34.870700,128.697800,1058.5,4.23
2dock-s-no-4,2dock,wharf-f-no-5,내업/하역안벽 권역,의장공장,34.876500,128.707000,34.871700,128.704300,587.8,2.35
2dock-s-no-4,2dock,texaco-f-no-1,GBS/Texaco/E1 권역,의장공장,34.876500,128.707000,34.863100,128.706900,1490,5.96
2dock-s-no-4,2dock,texaco-f-no-2,GBS/Texaco/E1 권역,의장공장,34.876500,128.707000,34.863600,128.707100,1434.4,5.74
2dock-s-no-4,2dock,texaco-f-no-3,GBS/Texaco/E1 권역,의장공장,34.876500,128.707000,34.868800,128.706900,856.2,3.42
2dock-s-no-4,2dock,texaco-p-no-1,GBS/Texaco/E1 권역,도장공장,34.876500,128.707000,34.862700,128.708300,1539.1,6.16
2dock-s-no-4,2dock,texaco-p-no-2,GBS/Texaco/E1 권역,도장공장,34.876500,128.707000,34.862500,128.708700,1564.4,6.26
2dock-s-no-4,2dock,texaco-p-no-3,GBS/Texaco/E1 권역,도장공장,34.876500,128.707000,34.864200,128.708300,1372.8,5.49
2dock-s-no-4,2dock,texaco-p-no-4,GBS/Texaco/E1 권역,도장공장,34.876500,128.707000,34.863300,128.709900,1491.4,5.97
2dock-s-no-4,2dock,texaco-p-no-5,GBS/Texaco/E1 권역,도장공장,34.876500,128.707000,34.866500,128.706900,1112,4.45
2dock-s-no-4,2dock,texaco-p-no-6,GBS/Texaco/E1 권역,도장공장,34.876500,128.707000,34.865700,128.708100,1205.1,4.82
2dock-s-no-4,2dock,texaco-p-no-7,GBS/Texaco/E1 권역,도장공장,34.876500,128.707000,34.866900,128.708100,1072.2,4.29
2dock-s-no-4,2dock,texaco-p-no-8,GBS/Texaco/E1 권역,도장공장,34.876500,128.707000,34.866400,128.708700,1133.7,4.53
2dock-s-no-4,2dock,texaco-p-no-9,GBS/Texaco/E1 권역,도장공장,34.876500,128.707000,34.868700,128.706900,867.4,3.47
2dock-s-no-4,2dock,e4-p-no-1,E4,도장공장,34.876500,128.707000,34.877900,128.719500,1150.9,4.6
2dock-s-no-4,2dock,e4-p-no-2,E4,도장공장,34.876500,128.707000,34.878200,128.720000,1200.9,4.8
2dock-s-no-4,2dock,e4-p-no-3,E4,도장공장,34.876500,128.707000,34.879200,128.721000,1312,5.25
2dock-s-no-4,2dock,e4-p-no-4,E4,도장공장,34.876500,128.707000,34.879400,128.719800,1211.4,4.85
2dock-s-no-4,2dock,e4-p-no-5,E4,도장공장,34.876500,128.707000,34.879100,128.718700,1105.8,4.42
2dock-s-no-4,2dock,e4-p-no-6,E4,도장공장,34.876500,128.707000,34.879500,128.719300,1170.6,4.68
2dock-s-no-4,2dock,e4-p-no-7,E4,도장공장,34.876500,128.707000,34.879800,128.719900,1232.7,4.93
2dock-s-no-4,2dock,e4-p-no-8,E4,도장공장,34.876500,128.707000,34.880300,128.720700,1319.3,5.28
2dock-s-no-4,2dock,e4-p-no-9,E4,도장공장,34.876500,128.707000,34.880300,128.718500,1131,4.52
2dock-s-no-4,2dock,e4-f-no-1,E4,의장공장,34.876500,128.707000,34.874400,128.719000,1119.4,4.48
2dock-s-no-4,2dock,e4-f-no-2,E4,의장공장,34.876500,128.707000,34.874500,128.719200,1135,4.54
2dock-s-no-4,2dock,e4-f-no-3,E4,의장공장,34.876500,128.707000,34.874700,128.719200,1130.8,4.52
2dock-s-no-4,2dock,e4-f-no-4,E4,의장공장,34.876500,128.707000,34.874800,128.719200,1128.9,4.52
2dock-s-no-4,2dock,e4-f-no-5,E4,의장공장,34.876500,128.707000,34.875200,128.719500,1149.5,4.6
wharf-s-no-1,내업/하역안벽 권역,1dock-P-no-1,1dock,도장공장,34.871700,128.704800,34.869100,128.693200,1097,4.39
wharf-s-no-1,내업/하역안벽 권역,1dock-P-no-2,1dock,도장공장,34.871700,128.704800,34.870500,128.693100,1075.7,4.3
wharf-s-no-1,내업/하역안벽 권역,1dock-P-no-3,1dock,도장공장,34.871700,128.704800,34.871100,128.692400,1133.2,4.53
wharf-s-no-1,내업/하역안벽 권역,1dock-P-no-4,1dock,도장공장,34.871700,128.704800,34.872100,128.694800,913.4,3.65
wharf-s-no-1,내업/하역안벽 권역,1dock-P-no-5,1dock,도장공장,34.871700,128.704800,34.872900,128.695400,867.9,3.47
wharf-s-no-1,내업/하역안벽 권역,1dock-P-no-6,1dock,도장공장,34.871700,128.704800,34.871800,128.692800,1094.8,4.38
wharf-s-no-1,내업/하역안벽 권역,1dock-P-no-7,1dock,도장공장,34.871700,128.704800,34.873500,128.694400,969.6,3.88
wharf-s-no-1,내업/하역안벽 권역,1dock-f-no-1,1dock,의장공장,34.871700,128.704800,34.876350,128.702080,573.5,2.29
wharf-s-no-1,내업/하역안벽 권역,2dock-f-no-1,1dock,의장공장,34.871700,128.704800,34.875200,128.701000,521.2,2.08
wharf-s-no-1,내업/하역안벽 권역,2dock-f-no-2,1dock,의장공장,34.871700,128.704800,34.876400,128.702300,570.2,2.28
wharf-s-no-1,내업/하역안벽 권역,2dock-P-no-1,2dock,도장공장,34.871700,128.704800,34.873900,128.705400,250.7,1
wharf-s-no-1,내업/하역안벽 권역,2dock-P-no-2,2dock,도장공장,34.871700,128.704800,34.874300,128.703700,306,1.22
wharf-s-no-1,내업/하역안벽 권역,2dock-P-no-3,2dock,도장공장,34.871700,128.704800,34.875200,128.704600,389.6,1.56
wharf-s-no-1,내업/하역안벽 권역,2dock-P-no-4,2dock,도장공장,34.871700,128.704800,34.875800,128.705300,458.2,1.83
wharf-s-no-1,내업/하역안벽 권역,2dock-P-no-5,2dock,도장공장,34.871700,128.704800,34.875400,128.706300,433.6,1.73
wharf-s-no-1,내업/하역안벽 권역,wharf-f-no-1,내업/하역안벽 권역,의장공장,34.871700,128.704800,34.869100,128.697000,768.1,3.07
wharf-s-no-1,내업/하역안벽 권역,wharf-f-no-2,내업/하역안벽 권역,의장공장,34.871700,128.704800,34.870600,128.696800,740,2.96
wharf-s-no-1,내업/하역안벽 권역,wharf-f-no-3,내업/하역안벽 권역,의장공장,34.871700,128.704800,34.870400,128.697600,672.6,2.69
wharf-s-no-1,내업/하역안벽 권역,wharf-f-no-4,내업/하역안벽 권역,의장공장,34.871700,128.704800,34.870700,128.697800,648.2,2.59
wharf-s-no-1,내업/하역안벽 권역,wharf-f-no-5,내업/하역안벽 권역,의장공장,34.871700,128.704800,34.871700,128.704300,45.6,0.18
wharf-s-no-1,내업/하역안벽 권역,texaco-f-no-1,GBS/Texaco/E1 권역,의장공장,34.871700,128.704800,34.863100,128.706900,975.3,3.9
wharf-s-no-1,내업/하역안벽 권역,texaco-f-no-2,GBS/Texaco/E1 권역,의장공장,34.871700,128.704800,34.863600,128.707100,924.8,3.7
wharf-s-no-1,내업/하역안벽 권역,texaco-f-no-3,GBS/Texaco/E1 권역,의장공장,34.871700,128.704800,34.868800,128.706900,375.1,1.5
wharf-s-no-1,내업/하역안벽 권역,texaco-p-no-1,GBS/Texaco/E1 권역,도장공장,34.871700,128.704800,34.862700,128.708300,1050.5,4.2
wharf-s-no-1,내업/하역안벽 권역,texaco-p-no-2,GBS/Texaco/E1 권역,도장공장,34.871700,128.704800,34.862500,128.708700,1083.1,4.33
wharf-s-no-1,내업/하역안벽 권역,texaco-p-no-3,GBS/Texaco/E1 권역,도장공장,34.871700,128.704800,34.864200,128.708300,893,3.57
wharf-s-no-1,내업/하역안벽 권역,texaco-p-no-4,GBS/Texaco/E1 권역,도장공장,34.871700,128.704800,34.863300,128.709900,1043.5,4.17
wharf-s-no-1,내업/하역안벽 권역,texaco-p-no-5,GBS/Texaco/E1 권역,도장공장,34.871700,128.704800,34.866500,128.706900,609.1,2.44
wharf-s-no-1,내업/하역안벽 권역,texaco-p-no-6,GBS/Texaco/E1 권역,도장공장,34.871700,128.704800,34.865700,128.708100,731.9,2.93
wharf-s-no-1,내업/하역안벽 권역,texaco-p-no-7,GBS/Texaco/E1 권역,도장공장,34.871700,128.704800,34.866900,128.708100,612.8,2.45
wharf-s-no-1,내업/하역안벽 권역,texaco-p-no-8,GBS/Texaco/E1 권역,도장공장,34.871700,128.704800,34.866400,128.708700,688.4,2.75
wharf-s-no-1,내업/하역안벽 권역,texaco-p-no-9,GBS/Texaco/E1 권역,도장공장,34.871700,128.704800,34.868700,128.706900,384.7,1.54
wharf-s-no-1,내업/하역안벽 권역,e4-p-no-1,E4,도장공장,34.871700,128.704800,34.877900,128.719500,1507.9,6.03
wharf-s-no-1,내업/하역안벽 권역,e4-p-no-2,E4,도장공장,34.871700,128.704800,34.878200,128.720000,1563.7,6.25
wharf-s-no-1,내업/하역안벽 권역,e4-p-no-3,E4,도장공장,34.871700,128.704800,34.879200,128.721000,1696.9,6.79
wharf-s-no-1,내업/하역안벽 권역,e4-p-no-4,E4,도장공장,34.871700,128.704800,34.879400,128.719800,1614.2,6.46
wharf-s-no-1,내업/하역안벽 권역,e4-p-no-5,E4,도장공장,34.871700,128.704800,34.879100,128.718700,1511.6,6.05
wharf-s-no-1,내업/하역안벽 권역,e4-p-no-6,E4,도장공장,34.871700,128.704800,34.879500,128.719300,1581.8,6.33
wharf-s-no-1,내업/하역안벽 권역,e4-p-no-7,E4,도장공장,34.871700,128.704800,34.879800,128.719900,1645.8,6.58
wharf-s-no-1,내업/하역안벽 권역,e4-p-no-8,E4,도장공장,34.871700,128.704800,34.880300,128.720700,1737.4,6.95
wharf-s-no-1,내업/하역안벽 권역,e4-p-no-9,E4,도장공장,34.871700,128.704800,34.880300,128.718500,1573.7,6.29
wharf-s-no-1,내업/하역안벽 권역,e4-f-no-1,E4,의장공장,34.871700,128.704800,34.874400,128.719000,1329.8,5.32
wharf-s-no-1,내업/하역안벽 권역,e4-f-no-2,E4,의장공장,34.871700,128.704800,34.874500,128.719200,1350.1,5.4
wharf-s-no-1,내업/하역안벽 권역,e4-f-no-3,E4,의장공장,34.871700,128.704800,34.874700,128.719200,1355.4,5.42
wharf-s-no-1,내업/하역안벽 권역,e4-f-no-4,E4,의장공장,34.871700,128.704800,34.874800,128.719200,1358.1,5.43
wharf-s-no-1,내업/하역안벽 권역,e4-f-no-5,E4,의장공장,34.871700,128.704800,34.875200,128.719500,1396.4,5.59
texaco-s-no-1,GBS/Texaco/E1 권역,1dock-P-no-1,1dock,도장공장,34.867900,128.706800,34.869100,128.693200,1247.8,4.99
texaco-s-no-1,GBS/Texaco/E1 권역,1dock-P-no-2,1dock,도장공장,34.867900,128.706800,34.870500,128.693100,1282.8,5.13
texaco-s-no-1,GBS/Texaco/E1 권역,1dock-P-no-3,1dock,도장공장,34.867900,128.706800,34.871100,128.692400,1361,5.44
texaco-s-no-1,GBS/Texaco/E1 권역,1dock-P-no-4,1dock,도장공장,34.867900,128.706800,34.872100,128.694800,1190.2,4.76
texaco-s-no-1,GBS/Texaco/E1 권역,1dock-P-no-5,1dock,도장공장,34.867900,128.706800,34.872900,128.695400,1179.3,4.72
texaco-s-no-1,GBS/Texaco/E1 권역,1dock-P-no-6,1dock,도장공장,34.867900,128.706800,34.871800,128.692800,1348.8,5.4
texaco-s-no-1,GBS/Texaco/E1 권역,1dock-P-no-7,1dock,도장공장,34.867900,128.706800,34.873500,128.694400,1291.3,5.17
texaco-s-no-1,GBS/Texaco/E1 권역,1dock-f-no-1,1dock,의장공장,34.867900,128.706800,34.876350,128.702080,1033.6,4.13
texaco-s-no-1,GBS/Texaco/E1 권역,2dock-f-no-1,1dock,의장공장,34.867900,128.706800,34.875200,128.701000,968.9,3.88
texaco-s-no-1,GBS/Texaco/E1 권역,2dock-f-no-2,1dock,의장공장,34.867900,128.706800,34.876400,128.702300,1030.5,4.12
texaco-s-no-1,GBS/Texaco/E1 권역,2dock-P-no-1,2dock,도장공장,34.867900,128.706800,34.873900,128.705400,679.3,2.72
texaco-s-no-1,GBS/Texaco/E1 권역,2dock-P-no-2,2dock,도장공장,34.867900,128.706800,34.874300,128.703700,765.8,3.06
texaco-s-no-1,GBS/Texaco/E1 권역,2dock-P-no-3,2dock,도장공장,34.867900,128.706800,34.875200,128.704600,836.2,3.34
texaco-s-no-1,GBS/Texaco/E1 권역,2dock-P-no-4,2dock,도장공장,34.867900,128.706800,34.875800,128.705300,889,3.56
texaco-s-no-1,GBS/Texaco/E1 권역,2dock-P-no-5,2dock,도장공장,34.867900,128.706800,34.875400,128.706300,835.2,3.34
texaco-s-no-1,GBS/Texaco/E1 권역,wharf-f-no-1,내업/하역안벽 권역,의장공장,34.867900,128.706800,34.869100,128.697000,903.9,3.62
texaco-s-no-1,GBS/Texaco/E1 권역,wharf-f-no-2,내업/하역안벽 권역,의장공장,34.867900,128.706800,34.870600,128.696800,960.4,3.84
texaco-s-no-1,GBS/Texaco/E1 권역,wharf-f-no-3,내업/하역안벽 권역,의장공장,34.867900,128.706800,34.870400,128.697600,884.1,3.54
texaco-s-no-1,GBS/Texaco/E1 권역,wharf-f-no-4,내업/하역안벽 권역,의장공장,34.867900,128.706800,34.870700,128.697800,878.1,3.51
texaco-s-no-1,GBS/Texaco/E1 권역,wharf-f-no-5,내업/하역안벽 권역,의장공장,34.867900,128.706800,34.871700,128.704300,480.2,1.92
texaco-s-no-1,GBS/Texaco/E1 권역,texaco-f-no-1,GBS/Texaco/E1 권역,의장공장,34.867900,128.706800,34.863100,128.706900,533.8,2.14
texaco-s-no-1,GBS/Texaco/E1 권역,texaco-f-no-2,GBS/Texaco/E1 권역,의장공장,34.867900,128.706800,34.863600,128.707100,478.9,1.92
texaco-s-no-1,GBS/Texaco/E1 권역,texaco-f-no-3,GBS/Texaco/E1 권역,의장공장,34.867900,128.706800,34.868800,128.706900,100.5,0.4
texaco-s-no-1,GBS/Texaco/E1 권역,texaco-p-no-1,GBS/Texaco/E1 권역,도장공장,34.867900,128.706800,34.862700,128.708300,594.2,2.38
texaco-s-no-1,GBS/Texaco/E1 권역,texaco-p-no-2,GBS/Texaco/E1 권역,도장공장,34.867900,128.706800,34.862500,128.708700,625,2.5
texaco-s-no-1,GBS/Texaco/E1 권역,texaco-p-no-3,GBS/Texaco/E1 권역,도장공장,34.867900,128.706800,34.864200,128.708300,433.6,1.73
texaco-s-no-1,GBS/Texaco/E1 권역,texaco-p-no-4,GBS/Texaco/E1 권역,도장공장,34.867900,128.706800,34.863300,128.709900,584.5,2.34
texaco-s-no-1,GBS/Texaco/E1 권역,texaco-p-no-5,GBS/Texaco/E1 권역,도장공장,34.867900,128.706800,34.866500,128.706900,155.9,0.62
texaco-s-no-1,GBS/Texaco/E1 권역,texaco-p-no-6,GBS/Texaco/E1 권역,도장공장,34.867900,128.706800,34.865700,128.708100,271.9,1.09
texaco-s-no-1,GBS/Texaco/E1 권역,texaco-p-no-7,GBS/Texaco/E1 권역,도장공장,34.867900,128.706800,34.866900,128.708100,162.6,0.65
texaco-s-no-1,GBS/Texaco/E1 권역,texaco-p-no-8,GBS/Texaco/E1 권역,도장공장,34.867900,128.706800,34.866400,128.708700,240.5,0.96
texaco-s-no-1,GBS/Texaco/E1 권역,texaco-p-no-9,GBS/Texaco/E1 권역,도장공장,34.867900,128.706800,34.868700,128.706900,89.4,0.36
texaco-s-no-1,GBS/Texaco/E1 권역,e4-p-no-1,E4,도장공장,34.867900,128.706800,34.877900,128.719500,1605.8,6.42
texaco-s-no-1,GBS/Texaco/E1 권역,e4-p-no-2,E4,도장공장,34.867900,128.706800,34.878200,128.720000,1661.9,6.65
texaco-s-no-1,GBS/Texaco/E1 권역,e4-p-no-3,E4,도장공장,34.867900,128.706800,34.879200,128.721000,1804.7,7.22
texaco-s-no-1,GBS/Texaco/E1 권역,e4-p-no-4,E4,도장공장,34.867900,128.706800,34.879400,128.719800,1744,6.98
texaco-s-no-1,GBS/Texaco/E1 권역,e4-p-no-5,E4,도장공장,34.867900,128.706800,34.879100,128.718700,1652.1,6.61
texaco-s-no-1,GBS/Texaco/E1 권역,e4-p-no-6,E4,도장공장,34.867900,128.706800,34.879500,128.719300,1721.7,6.89
texaco-s-no-1,GBS/Texaco/E1 권역,e4-p-no-7,E4,도장공장,34.867900,128.706800,34.879800,128.719900,1783,7.13
texaco-s-no-1,GBS/Texaco/E1 권역,e4-p-no-8,E4,도장공장,34.867900,128.706800,34.880300,128.720700,1873.3,7.49
texaco-s-no-1,GBS/Texaco/E1 권역,e4-p-no-9,E4,도장공장,34.867900,128.706800,34.880300,128.718500,1743.7,6.97
texaco-s-no-1,GBS/Texaco/E1 권역,e4-f-no-1,E4,의장공장,34.867900,128.706800,34.874400,128.719000,1327.1,5.31
texaco-s-no-1,GBS/Texaco/E1 권역,e4-f-no-2,E4,의장공장,34.867900,128.706800,34.874500,128.719200,1348.4,5.39
texaco-s-no-1,GBS/Texaco/E1 권역,e4-f-no-3,E4,의장공장,34.867900,128.706800,34.874700,128.719200,1360.7,5.44
texaco-s-no-1,GBS/Texaco/E1 권역,e4-f-no-4,E4,의장공장,34.867900,128.706800,34.874800,128.719200,1366.9,5.47
texaco-s-no-1,GBS/Texaco/E1 권역,e4-f-no-5,E4,의장공장,34.867900,128.706800,34.875200,128.719500,1414.6,5.66
texaco-s-no-2,GBS/Texaco/E1 권역,1dock-P-no-1,1dock,도장공장,34.868500,128.709600,34.869100,128.693200,1497.6,5.99
texaco-s-no-2,GBS/Texaco/E1 권역,1dock-P-no-2,1dock,도장공장,34.868500,128.709600,34.870500,128.693100,1521.6,6.09
texaco-s-no-2,GBS/Texaco/E1 권역,1dock-P-no-3,1dock,도장공장,34.868500,128.709600,34.871100,128.692400,1595.5,6.38
texaco-s-no-2,GBS/Texaco/E1 권역,1dock-P-no-4,1dock,도장공장,34.868500,128.709600,34.872100,128.694800,1408.3,5.63
texaco-s-no-2,GBS/Texaco/E1 권역,1dock-P-no-5,1dock,도장공장,34.868500,128.709600,34.872900,128.695400,1384.7,5.54
texaco-s-no-2,GBS/Texaco/E1 권역,1dock-P-no-6,1dock,도장공장,34.868500,128.709600,34.871800,128.692800,1575.9,6.3
texaco-s-no-2,GBS/Texaco/E1 권역,1dock-P-no-7,1dock,도장공장,34.868500,128.709600,34.873500,128.694400,1494,5.98
texaco-s-no-2,GBS/Texaco/E1 권역,1dock-f-no-1,1dock,의장공장,34.868500,128.709600,34.876350,128.702080,1110.2,4.44
texaco-s-no-2,GBS/Texaco/E1 권역,2dock-f-no-1,1dock,의장공장,34.868500,128.709600,34.875200,128.701000,1081.9,4.33
texaco-s-no-2,GBS/Texaco/E1 권역,2dock-f-no-2,1dock,의장공장,34.868500,128.709600,34.876400,128.702300,1102.3,4.41
texaco-s-no-2,GBS/Texaco/E1 권역,2dock-P-no-1,2dock,도장공장,34.868500,128.709600,34.873900,128.705400,712.3,2.85
texaco-s-no-2,GBS/Texaco/E1 권역,2dock-P-no-2,2dock,도장공장,34.868500,128.709600,34.874300,128.703700,840,3.36
texaco-s-no-2,GBS/Texaco/E1 권역,2dock-P-no-3,2dock,도장공장,34.868500,128.709600,34.875200,128.704600,873.6,3.49
texaco-s-no-2,GBS/Texaco/E1 권역,2dock-P-no-4,2dock,도장공장,34.868500,128.709600,34.875800,128.705300,901.5,3.61
texaco-s-no-2,GBS/Texaco/E1 권역,2dock-P-no-5,2dock,도장공장,34.868500,128.709600,34.875400,128.706300,824.2,3.3
texaco-s-no-2,GBS/Texaco/E1 권역,wharf-f-no-1,내업/하역안벽 권역,의장공장,34.868500,128.709600,34.869100,128.697000,1151.4,4.61
texaco-s-no-2,GBS/Texaco/E1 권역,wharf-f-no-2,내업/하역안벽 권역,의장공장,34.868500,128.709600,34.870600,128.696800,1190.8,4.76
texaco-s-no-2,GBS/Texaco/E1 권역,wharf-f-no-3,내업/하역안벽 권역,의장공장,34.868500,128.709600,34.870400,128.697600,1114.9,4.46
texaco-s-no-2,GBS/Texaco/E1 권역,wharf-f-no-4,내업/하역안벽 권역,의장공장,34.868500,128.709600,34.870700,128.697800,1103.9,4.42
texaco-s-no-2,GBS/Texaco/E1 권역,wharf-f-no-5,내업/하역안벽 권역,의장공장,34.868500,128.709600,34.871700,128.704300,600.3,2.4
texaco-s-no-2,GBS/Texaco/E1 권역,texaco-f-no-1,GBS/Texaco/E1 권역,의장공장,34.868500,128.709600,34.863100,128.706900,649,2.6
texaco-s-no-2,GBS/Texaco/E1 권역,texaco-f-no-2,GBS/Texaco/E1 권역,의장공장,34.868500,128.709600,34.863600,128.707100,590.7,2.36
texaco-s-no-2,GBS/Texaco/E1 권역,texaco-f-no-3,GBS/Texaco/E1 권역,의장공장,34.868500,128.709600,34.868800,128.706900,248.6,0.99
texaco-s-no-2,GBS/Texaco/E1 권역,texaco-p-no-1,GBS/Texaco/E1 권역,도장공장,34.868500,128.709600,34.862700,128.708300,655.7,2.62
texaco-s-no-2,GBS/Texaco/E1 권역,texaco-p-no-2,GBS/Texaco/E1 권역,도장공장,34.868500,128.709600,34.862500,128.708700,672.2,2.69
texaco-s-no-2,GBS/Texaco/E1 권역,texaco-p-no-3,GBS/Texaco/E1 권역,도장공장,34.868500,128.709600,34.864200,128.708300,492.6,1.97
texaco-s-no-2,GBS/Texaco/E1 권역,texaco-p-no-4,GBS/Texaco/E1 권역,도장공장,34.868500,128.709600,34.863300,128.709900,578.9,2.32
texaco-s-no-2,GBS/Texaco/E1 권역,texaco-p-no-5,GBS/Texaco/E1 권역,도장공장,34.868500,128.709600,34.866500,128.706900,331.9,1.33
texaco-s-no-2,GBS/Texaco/E1 권역,texaco-p-no-6,GBS/Texaco/E1 권역,도장공장,34.868500,128.709600,34.865700,128.708100,340.1,1.36
texaco-s-no-2,GBS/Texaco/E1 권역,texaco-p-no-7,GBS/Texaco/E1 권역,도장공장,34.868500,128.709600,34.866900,128.708100,224.5,0.9
texaco-s-no-2,GBS/Texaco/E1 권역,texaco-p-no-8,GBS/Texaco/E1 권역,도장공장,34.868500,128.709600,34.866400,128.708700,247.5,0.99
texaco-s-no-2,GBS/Texaco/E1 권역,texaco-p-no-9,GBS/Texaco/E1 권역,도장공장,34.868500,128.709600,34.868700,128.706900,247.3,0.99
texaco-s-no-2,GBS/Texaco/E1 권역,e4-p-no-1,E4,도장공장,34.868500,128.709600,34.877900,128.719500,1381.4,5.53
texaco-s-no-2,GBS/Texaco/E1 권역,e4-p-no-2,E4,도장공장,34.868500,128.709600,34.878200,128.720000,1436.5,5.75
texaco-s-no-2,GBS/Texaco/E1 권역,e4-p-no-3,E4,도장공장,34.868500,128.709600,34.879200,128.721000,1580.2,6.32
texaco-s-no-2,GBS/Texaco/E1 권역,e4-p-no-4,E4,도장공장,34.868500,128.709600,34.879400,128.719800,1528,6.11
texaco-s-no-2,GBS/Texaco/E1 권역,e4-p-no-5,E4,도장공장,34.868500,128.709600,34.879100,128.718700,1441.7,5.77
texaco-s-no-2,GBS/Texaco/E1 권역,e4-p-no-6,E4,도장공장,34.868500,128.709600,34.879500,128.719300,1509.7,6.04
texaco-s-no-2,GBS/Texaco/E1 권역,e4-p-no-7,E4,도장공장,34.868500,128.709600,34.879800,128.719900,1569,6.28
texaco-s-no-2,GBS/Texaco/E1 권역,e4-p-no-8,E4,도장공장,34.868500,128.709600,34.880300,128.720700,1657.4,6.63
texaco-s-no-2,GBS/Texaco/E1 권역,e4-p-no-9,E4,도장공장,34.868500,128.709600,34.880300,128.718500,1543,6.17
texaco-s-no-2,GBS/Texaco/E1 권역,e4-f-no-1,E4,의장공장,34.868500,128.709600,34.874400,128.719000,1079.7,4.32
texaco-s-no-2,GBS/Texaco/E1 권역,e4-f-no-2,E4,의장공장,34.868500,128.709600,34.874500,128.719200,1101,4.4
texaco-s-no-2,GBS/Texaco/E1 권역,e4-f-no-3,E4,의장공장,34.868500,128.709600,34.874700,128.719200,1114.6,4.46
texaco-s-no-2,GBS/Texaco/E1 권역,e4-f-no-4,E4,의장공장,34.868500,128.709600,34.874800,128.719200,1121.5,4.49
texaco-s-no-2,GBS/Texaco/E1 권역,e4-f-no-5,E4,의장공장,34.868500,128.709600,34.875200,128.719500,1170.8,4.68
texaco-s-no-3,GBS/Texaco/E1 권역,1dock-P-no-1,1dock,도장공장,34.869000,128.708600,34.869100,128.693200,1404.9,5.62
texaco-s-no-3,GBS/Texaco/E1 권역,1dock-P-no-2,1dock,도장공장,34.869000,128.708600,34.870500,128.693100,1423.8,5.7
texaco-s-no-3,GBS/Texaco/E1 권역,1dock-P-no-3,1dock,도장공장,34.869000,128.708600,34.871100,128.692400,1496.2,5.98
texaco-s-no-3,GBS/Texaco/E1 권역,1dock-P-no-4,1dock,도장공장,34.869000,128.708600,34.872100,128.694800,1305.3,5.22
texaco-s-no-3,GBS/Texaco/E1 권역,1dock-P-no-5,1dock,도장공장,34.869000,128.708600,34.872900,128.695400,1279.9,5.12
texaco-s-no-3,GBS/Texaco/E1 권역,1dock-P-no-6,1dock,도장공장,34.869000,128.708600,34.871800,128.692800,1474.6,5.9
texaco-s-no-3,GBS/Texaco/E1 권역,1dock-P-no-7,1dock,도장공장,34.869000,128.708600,34.873500,128.694400,1388.7,5.55
texaco-s-no-3,GBS/Texaco/E1 권역,1dock-f-no-1,1dock,의장공장,34.869000,128.708600,34.876350,128.702080,1010.8,4.04
texaco-s-no-3,GBS/Texaco/E1 권역,2dock-f-no-1,1dock,의장공장,34.869000,128.708600,34.875200,128.701000,977.7,3.91
texaco-s-no-3,GBS/Texaco/E1 권역,2dock-f-no-2,1dock,의장공장,34.869000,128.708600,34.876400,128.702300,1003.7,4.01
texaco-s-no-3,GBS/Texaco/E1 권역,2dock-P-no-1,2dock,도장공장,34.869000,128.708600,34.873900,128.705400,618.1,2.47
texaco-s-no-3,GBS/Texaco/E1 권역,2dock-P-no-2,2dock,도장공장,34.869000,128.708600,34.874300,128.703700,739.7,2.96
texaco-s-no-3,GBS/Texaco/E1 권역,2dock-P-no-3,2dock,도장공장,34.869000,128.708600,34.875200,128.704600,780,3.12
texaco-s-no-3,GBS/Texaco/E1 권역,2dock-P-no-4,2dock,도장공장,34.869000,128.708600,34.875800,128.705300,813.9,3.26
texaco-s-no-3,GBS/Texaco/E1 권역,2dock-P-no-5,2dock,도장공장,34.869000,128.708600,34.875400,128.706300,741.9,2.97
texaco-s-no-3,GBS/Texaco/E1 권역,wharf-f-no-1,내업/하역안벽 권역,의장공장,34.869000,128.708600,34.869100,128.697000,1058.3,4.23
texaco-s-no-3,GBS/Texaco/E1 권역,wharf-f-no-2,내업/하역안벽 권역,의장공장,34.869000,128.708600,34.870600,128.696800,1091.1,4.36
texaco-s-no-3,GBS/Texaco/E1 권역,wharf-f-no-3,내업/하역안벽 권역,의장공장,34.869000,128.708600,34.870400,128.697600,1015.5,4.06
texaco-s-no-3,GBS/Texaco/E1 권역,wharf-f-no-4,내업/하역안벽 권역,의장공장,34.869000,128.708600,34.870700,128.697800,1003.2,4.01
texaco-s-no-3,GBS/Texaco/E1 권역,wharf-f-no-5,내업/하역안벽 권역,의장공장,34.869000,128.708600,34.871700,128.704300,494,1.98
texaco-s-no-3,GBS/Texaco/E1 권역,texaco-f-no-1,GBS/Texaco/E1 권역,의장공장,34.869000,128.708600,34.863100,128.706900,674.1,2.7
texaco-s-no-3,GBS/Texaco/E1 권역,texaco-f-no-2,GBS/Texaco/E1 권역,의장공장,34.869000,128.708600,34.863600,128.707100,615.8,2.46
texaco-s-no-3,GBS/Texaco/E1 권역,texaco-f-no-3,GBS/Texaco/E1 권역,의장공장,34.869000,128.708600,34.868800,128.706900,156.7,0.63
texaco-s-no-3,GBS/Texaco/E1 권역,texaco-p-no-1,GBS/Texaco/E1 권역,도장공장,34.869000,128.708600,34.862700,128.708300,701.1,2.8
texaco-s-no-3,GBS/Texaco/E1 권역,texaco-p-no-2,GBS/Texaco/E1 권역,도장공장,34.869000,128.708600,34.862500,128.708700,722.8,2.89
texaco-s-no-3,GBS/Texaco/E1 권역,texaco-p-no-3,GBS/Texaco/E1 권역,도장공장,34.869000,128.708600,34.864200,128.708300,534.4,2.14
texaco-s-no-3,GBS/Texaco/E1 권역,texaco-p-no-4,GBS/Texaco/E1 권역,도장공장,34.869000,128.708600,34.863300,128.709900,644.8,2.58
texaco-s-no-3,GBS/Texaco/E1 권역,texaco-p-no-5,GBS/Texaco/E1 권역,도장공장,34.869000,128.708600,34.866500,128.706900,318.3,1.27
texaco-s-no-3,GBS/Texaco/E1 권역,texaco-p-no-6,GBS/Texaco/E1 권역,도장공장,34.869000,128.708600,34.865700,128.708100,369.8,1.48
texaco-s-no-3,GBS/Texaco/E1 권역,texaco-p-no-7,GBS/Texaco/E1 권역,도장공장,34.869000,128.708600,34.866900,128.708100,237.9,0.95
texaco-s-no-3,GBS/Texaco/E1 권역,texaco-p-no-8,GBS/Texaco/E1 권역,도장공장,34.869000,128.708600,34.866400,128.708700,289.3,1.16
texaco-s-no-3,GBS/Texaco/E1 권역,texaco-p-no-9,GBS/Texaco/E1 권역,도장공장,34.869000,128.708600,34.868700,128.706900,158.6,0.63
texaco-s-no-3,GBS/Texaco/E1 권역,e4-p-no-1,E4,도장공장,34.869000,128.708600,34.877900,128.719500,1402.9,5.61
texaco-s-no-3,GBS/Texaco/E1 권역,e4-p-no-2,E4,도장공장,34.869000,128.708600,34.878200,128.720000,1458.8,5.84
texaco-s-no-3,GBS/Texaco/E1 권역,e4-p-no-3,E4,도장공장,34.869000,128.708600,34.879200,128.721000,1601.9,6.41
texaco-s-no-3,GBS/Texaco/E1 권역,e4-p-no-4,E4,도장공장,34.869000,128.708600,34.879400,128.719800,1543.1,6.17
texaco-s-no-3,GBS/Texaco/E1 권역,e4-p-no-5,E4,도장공장,34.869000,128.708600,34.879100,128.718700,1452.7,5.81
texaco-s-no-3,GBS/Texaco/E1 권역,e4-p-no-6,E4,도장공장,34.869000,128.708600,34.879500,128.719300,1521.8,6.09
texaco-s-no-3,GBS/Texaco/E1 권역,e4-p-no-7,E4,도장공장,34.869000,128.708600,34.879800,128.719900,1582.7,6.33
texaco-s-no-3,GBS/Texaco/E1 권역,e4-p-no-8,E4,도장공장,34.869000,128.708600,34.880300,128.720700,1672.5,6.69
texaco-s-no-3,GBS/Texaco/E1 권역,e4-p-no-9,E4,도장공장,34.869000,128.708600,34.880300,128.718500,1547.4,6.19
texaco-s-no-3,GBS/Texaco/E1 권역,e4-f-no-1,E4,의장공장,34.869000,128.708600,34.874400,128.719000,1122.8,4.49
texaco-s-no-3,GBS/Texaco/E1 권역,e4-f-no-2,E4,의장공장,34.869000,128.708600,34.874500,128.719200,1144.2,4.58
texaco-s-no-3,GBS/Texaco/E1 권역,e4-f-no-3,E4,의장공장,34.869000,128.708600,34.874700,128.719200,1156.2,4.62
texaco-s-no-3,GBS/Texaco/E1 권역,e4-f-no-4,E4,의장공장,34.869000,128.708600,34.874800,128.719200,1162.3,4.65
texaco-s-no-3,GBS/Texaco/E1 권역,e4-f-no-5,E4,의장공장,34.869000,128.708600,34.875200,128.719500,1210,4.84
texaco-s-no-4,GBS/Texaco/E1 권역,1dock-P-no-1,1dock,도장공장,34.869000,128.711700,34.869100,128.693200,1687.7,6.75
texaco-s-no-4,GBS/Texaco/E1 권역,1dock-P-no-2,1dock,도장공장,34.869000,128.711700,34.870500,128.693100,1705,6.82
texaco-s-no-4,GBS/Texaco/E1 권역,1dock-P-no-3,1dock,도장공장,34.869000,128.711700,34.871100,128.692400,1776.1,7.1
texaco-s-no-4,GBS/Texaco/E1 권역,1dock-P-no-4,1dock,도장공장,34.869000,128.711700,34.872100,128.694800,1579.8,6.32
texaco-s-no-4,GBS/Texaco/E1 권역,1dock-P-no-5,1dock,도장공장,34.869000,128.711700,34.872900,128.695400,1548.9,6.2
texaco-s-no-4,GBS/Texaco/E1 권역,1dock-P-no-6,1dock,도장공장,34.869000,128.711700,34.871800,128.692800,1752.1,7.01
texaco-s-no-4,GBS/Texaco/E1 권역,1dock-P-no-7,1dock,도장공장,34.869000,128.711700,34.873500,128.694400,1655.7,6.62
texaco-s-no-4,GBS/Texaco/E1 권역,1dock-f-no-1,1dock,의장공장,34.869000,128.711700,34.876350,128.702080,1199.2,4.8
texaco-s-no-4,GBS/Texaco/E1 권역,2dock-f-no-1,1dock,의장공장,34.869000,128.711700,34.875200,128.701000,1195,4.78
texaco-s-no-4,GBS/Texaco/E1 권역,2dock-f-no-2,1dock,의장공장,34.869000,128.711700,34.876400,128.702300,1188.5,4.75
texaco-s-no-4,GBS/Texaco/E1 권역,2dock-P-no-1,2dock,도장공장,34.869000,128.711700,34.873900,128.705400,791.9,3.17
texaco-s-no-4,GBS/Texaco/E1 권역,2dock-P-no-2,2dock,도장공장,34.869000,128.711700,34.874300,128.703700,938.1,3.75
texaco-s-no-4,GBS/Texaco/E1 권역,2dock-P-no-3,2dock,도장공장,34.869000,128.711700,34.875200,128.704600,945.9,3.78
texaco-s-no-4,GBS/Texaco/E1 권역,2dock-P-no-4,2dock,도장공장,34.869000,128.711700,34.875800,128.705300,955.3,3.82
texaco-s-no-4,GBS/Texaco/E1 권역,2dock-P-no-5,2dock,도장공장,34.869000,128.711700,34.875400,128.706300,865.5,3.46
texaco-s-no-4,GBS/Texaco/E1 권역,wharf-f-no-1,내업/하역안벽 권역,의장공장,34.869000,128.711700,34.869100,128.697000,1341.1,5.36
texaco-s-no-4,GBS/Texaco/E1 권역,wharf-f-no-2,내업/하역안벽 권역,의장공장,34.869000,128.711700,34.870600,128.696800,1370.9,5.48
texaco-s-no-4,GBS/Texaco/E1 권역,wharf-f-no-3,내업/하역안벽 권역,의장공장,34.869000,128.711700,34.870400,128.697600,1295.7,5.18
texaco-s-no-4,GBS/Texaco/E1 권역,wharf-f-no-4,내업/하역안벽 권역,의장공장,34.869000,128.711700,34.870700,128.697800,1282.1,5.13
texaco-s-no-4,GBS/Texaco/E1 권역,wharf-f-no-5,내업/하역안벽 권역,의장공장,34.869000,128.711700,34.871700,128.704300,738.8,2.96
texaco-s-no-4,GBS/Texaco/E1 권역,texaco-f-no-1,GBS/Texaco/E1 권역,의장공장,34.869000,128.711700,34.863100,128.706900,788.8,3.16
texaco-s-no-4,GBS/Texaco/E1 권역,texaco-f-no-2,GBS/Texaco/E1 권역,의장공장,34.869000,128.711700,34.863600,128.707100,732.6,2.93
texaco-s-no-4,GBS/Texaco/E1 권역,texaco-f-no-3,GBS/Texaco/E1 권역,의장공장,34.869000,128.711700,34.868800,128.706900,438.5,1.75
texaco-s-no-4,GBS/Texaco/E1 권역,texaco-p-no-1,GBS/Texaco/E1 권역,도장공장,34.869000,128.711700,34.862700,128.708300,766.1,3.06
texaco-s-no-4,GBS/Texaco/E1 권역,texaco-p-no-2,GBS/Texaco/E1 권역,도장공장,34.869000,128.711700,34.862500,128.708700,772.8,3.09
texaco-s-no-4,GBS/Texaco/E1 권역,texaco-p-no-3,GBS/Texaco/E1 권역,도장공장,34.869000,128.711700,34.864200,128.708300,617.3,2.47
texaco-s-no-4,GBS/Texaco/E1 권역,texaco-p-no-4,GBS/Texaco/E1 권역,도장공장,34.869000,128.711700,34.863300,128.709900,654.7,2.62
texaco-s-no-4,GBS/Texaco/E1 권역,texaco-p-no-5,GBS/Texaco/E1 권역,도장공장,34.869000,128.711700,34.866500,128.706900,518.7,2.07
texaco-s-no-4,GBS/Texaco/E1 권역,texaco-p-no-6,GBS/Texaco/E1 권역,도장공장,34.869000,128.711700,34.865700,128.708100,492.4,1.97
texaco-s-no-4,GBS/Texaco/E1 권역,texaco-p-no-7,GBS/Texaco/E1 권역,도장공장,34.869000,128.711700,34.866900,128.708100,403,1.61
texaco-s-no-4,GBS/Texaco/E1 권역,texaco-p-no-8,GBS/Texaco/E1 권역,도장공장,34.869000,128.711700,34.866400,128.708700,398.1,1.59
texaco-s-no-4,GBS/Texaco/E1 권역,texaco-p-no-9,GBS/Texaco/E1 권역,도장공장,34.869000,128.711700,34.868700,128.706900,439.2,1.76
texaco-s-no-4,GBS/Texaco/E1 권역,e4-p-no-1,E4,도장공장,34.869000,128.711700,34.877900,128.719500,1218.9,4.88
texaco-s-no-4,GBS/Texaco/E1 권역,e4-p-no-2,E4,도장공장,34.869000,128.711700,34.878200,128.720000,1272.7,5.09
texaco-s-no-4,GBS/Texaco/E1 권역,e4-p-no-3,E4,도장공장,34.869000,128.711700,34.879200,128.721000,1416.4,5.67
texaco-s-no-4,GBS/Texaco/E1 권역,e4-p-no-4,E4,도장공장,34.869000,128.711700,34.879400,128.719800,1372.4,5.49
texaco-s-no-4,GBS/Texaco/E1 권역,e4-p-no-5,E4,도장공장,34.869000,128.711700,34.879100,128.718700,1291.9,5.17
texaco-s-no-4,GBS/Texaco/E1 권역,e4-p-no-6,E4,도장공장,34.869000,128.711700,34.879500,128.719300,1357.9,5.43
texaco-s-no-4,GBS/Texaco/E1 권역,e4-p-no-7,E4,도장공장,34.869000,128.711700,34.879800,128.719900,1414.8,5.66
texaco-s-no-4,GBS/Texaco/E1 권역,e4-p-no-8,E4,도장공장,34.869000,128.711700,34.880300,128.720700,1501,6
texaco-s-no-4,GBS/Texaco/E1 권역,e4-p-no-9,E4,도장공장,34.869000,128.711700,34.880300,128.718500,1401.3,5.61
texaco-s-no-4,GBS/Texaco/E1 권역,e4-f-no-1,E4,의장공장,34.869000,128.711700,34.874400,128.719000,896.7,3.59
texaco-s-no-4,GBS/Texaco/E1 권역,e4-f-no-2,E4,의장공장,34.869000,128.711700,34.874500,128.719200,917.7,3.67
texaco-s-no-4,GBS/Texaco/E1 권역,e4-f-no-3,E4,의장공장,34.869000,128.711700,34.874700,128.719200,932.7,3.73
texaco-s-no-4,GBS/Texaco/E1 권역,e4-f-no-4,E4,의장공장,34.869000,128.711700,34.874800,128.719200,940.2,3.76
texaco-s-no-4,GBS/Texaco/E1 권역,e4-f-no-5,E4,의장공장,34.869000,128.711700,34.875200,128.719500,990.8,3.96
texaco-s-no-5,GBS/Texaco/E1 권역,1dock-P-no-1,1dock,도장공장,34.868300,128.712000,34.869100,128.693200,1717.4,6.87
texaco-s-no-5,GBS/Texaco/E1 권역,1dock-P-no-2,1dock,도장공장,34.868300,128.712000,34.870500,128.693100,1741.5,6.97
texaco-s-no-5,GBS/Texaco/E1 권역,1dock-P-no-3,1dock,도장공장,34.868300,128.712000,34.871100,128.692400,1815,7.26
texaco-s-no-5,GBS/Texaco/E1 권역,1dock-P-no-4,1dock,도장공장,34.868300,128.712000,34.872100,128.694800,1625,6.5
texaco-s-no-5,GBS/Texaco/E1 권역,1dock-P-no-5,1dock,도장공장,34.868300,128.712000,34.872900,128.695400,1598.4,6.39
texaco-s-no-5,GBS/Texaco/E1 권역,1dock-P-no-6,1dock,도장공장,34.868300,128.712000,34.871800,128.692800,1794.3,7.18
texaco-s-no-5,GBS/Texaco/E1 권역,1dock-P-no-7,1dock,도장공장,34.868300,128.712000,34.873500,128.694400,1706.5,6.83
texaco-s-no-5,GBS/Texaco/E1 권역,1dock-f-no-1,1dock,의장공장,34.868300,128.712000,34.876350,128.702080,1272.9,5.09
texaco-s-no-5,GBS/Texaco/E1 권역,2dock-f-no-1,1dock,의장공장,34.868300,128.712000,34.875200,128.701000,1263.2,5.05
texaco-s-no-5,GBS/Texaco/E1 권역,2dock-f-no-2,1dock,의장공장,34.868300,128.712000,34.876400,128.702300,1262.6,5.05
texaco-s-no-5,GBS/Texaco/E1 권역,2dock-P-no-1,2dock,도장공장,34.868300,128.712000,34.873900,128.705400,866.2,3.46
texaco-s-no-5,GBS/Texaco/E1 권역,2dock-P-no-2,2dock,도장공장,34.868300,128.712000,34.874300,128.703700,1009.2,4.04
texaco-s-no-5,GBS/Texaco/E1 권역,2dock-P-no-3,2dock,도장공장,34.868300,128.712000,34.875200,128.704600,1022,4.09
texaco-s-no-5,GBS/Texaco/E1 권역,2dock-P-no-4,2dock,도장공장,34.868300,128.712000,34.875800,128.705300,1034,4.14
texaco-s-no-5,GBS/Texaco/E1 권역,2dock-P-no-5,2dock,도장공장,34.868300,128.712000,34.875400,128.706300,945.3,3.78
texaco-s-no-5,GBS/Texaco/E1 권역,wharf-f-no-1,내업/하역안벽 권역,의장공장,34.868300,128.712000,34.869100,128.697000,1371.3,5.49
texaco-s-no-5,GBS/Texaco/E1 권역,wharf-f-no-2,내업/하역안벽 권역,의장공장,34.868300,128.712000,34.870600,128.696800,1410,5.64
texaco-s-no-5,GBS/Texaco/E1 권역,wharf-f-no-3,내업/하역안벽 권역,의장공장,34.868300,128.712000,34.870400,128.697600,1334.3,5.34
texaco-s-no-5,GBS/Texaco/E1 권역,wharf-f-no-4,내업/하역안벽 권역,의장공장,34.868300,128.712000,34.870700,128.697800,1322.6,5.29
texaco-s-no-5,GBS/Texaco/E1 권역,wharf-f-no-5,내업/하역안벽 권역,의장공장,34.868300,128.712000,34.871700,128.704300,797.7,3.19
texaco-s-no-5,GBS/Texaco/E1 권역,texaco-f-no-1,GBS/Texaco/E1 권역,의장공장,34.868300,128.712000,34.863100,128.706900,742.2,2.97
texaco-s-no-5,GBS/Texaco/E1 권역,texaco-f-no-2,GBS/Texaco/E1 권역,의장공장,34.868300,128.712000,34.863600,128.707100,687.7,2.75
texaco-s-no-5,GBS/Texaco/E1 권역,texaco-f-no-3,GBS/Texaco/E1 권역,의장공장,34.868300,128.712000,34.868800,128.706900,468.6,1.87
texaco-s-no-5,GBS/Texaco/E1 권역,texaco-p-no-1,GBS/Texaco/E1 권역,도장공장,34.868300,128.712000,34.862700,128.708300,708.3,2.83
texaco-s-no-5,GBS/Texaco/E1 권역,texaco-p-no-2,GBS/Texaco/E1 권역,도장공장,34.868300,128.712000,34.862500,128.708700,711.7,2.85
texaco-s-no-5,GBS/Texaco/E1 권역,texaco-p-no-3,GBS/Texaco/E1 권역,도장공장,34.868300,128.712000,34.864200,128.708300,567.3,2.27
texaco-s-no-5,GBS/Texaco/E1 권역,texaco-p-no-4,GBS/Texaco/E1 권역,도장공장,34.868300,128.712000,34.863300,128.709900,588.1,2.35
texaco-s-no-5,GBS/Texaco/E1 권역,texaco-p-no-5,GBS/Texaco/E1 권역,도장공장,34.868300,128.712000,34.866500,128.706900,506.5,2.03
texaco-s-no-5,GBS/Texaco/E1 권역,texaco-p-no-6,GBS/Texaco/E1 권역,도장공장,34.868300,128.712000,34.865700,128.708100,458.4,1.83
texaco-s-no-5,GBS/Texaco/E1 권역,texaco-p-no-7,GBS/Texaco/E1 권역,도장공장,34.868300,128.712000,34.866900,128.708100,388.4,1.55
texaco-s-no-5,GBS/Texaco/E1 권역,texaco-p-no-8,GBS/Texaco/E1 권역,도장공장,34.868300,128.712000,34.866400,128.708700,367.8,1.47
texaco-s-no-5,GBS/Texaco/E1 권역,texaco-p-no-9,GBS/Texaco/E1 권역,도장공장,34.868300,128.712000,34.868700,128.706900,467.4,1.87
texaco-s-no-5,GBS/Texaco/E1 권역,e4-p-no-1,E4,도장공장,34.868300,128.712000,34.877900,128.719500,1267.9,5.07
texaco-s-no-5,GBS/Texaco/E1 권역,e4-p-no-2,E4,도장공장,34.868300,128.712000,34.878200,128.720000,1320.8,5.28
texaco-s-no-5,GBS/Texaco/E1 권역,e4-p-no-3,E4,도장공장,34.868300,128.712000,34.879200,128.721000,1463.9,5.86
texaco-s-no-5,GBS/Texaco/E1 권역,e4-p-no-4,E4,도장공장,34.868300,128.712000,34.879400,128.719800,1424.7,5.7
texaco-s-no-5,GBS/Texaco/E1 권역,e4-p-no-5,E4,도장공장,34.868300,128.712000,34.879100,128.718700,1347.5,5.39
texaco-s-no-5,GBS/Texaco/E1 권역,e4-p-no-6,E4,도장공장,34.868300,128.712000,34.879500,128.719300,1412.3,5.65
texaco-s-no-5,GBS/Texaco/E1 권역,e4-p-no-7,E4,도장공장,34.868300,128.712000,34.879800,128.719900,1467.8,5.87
texaco-s-no-5,GBS/Texaco/E1 권역,e4-p-no-8,E4,도장공장,34.868300,128.712000,34.880300,128.720700,1552.5,6.21
texaco-s-no-5,GBS/Texaco/E1 권역,e4-p-no-9,E4,도장공장,34.868300,128.712000,34.880300,128.718500,1460.2,5.84
texaco-s-no-5,GBS/Texaco/E1 권역,e4-f-no-1,E4,의장공장,34.868300,128.712000,34.874400,128.719000,931.6,3.73
texaco-s-no-5,GBS/Texaco/E1 권역,e4-f-no-2,E4,의장공장,34.868300,128.712000,34.874500,128.719200,952.2,3.81
texaco-s-no-5,GBS/Texaco/E1 권역,e4-f-no-3,E4,의장공장,34.868300,128.712000,34.874700,128.719200,968.4,3.87
texaco-s-no-5,GBS/Texaco/E1 권역,e4-f-no-4,E4,의장공장,34.868300,128.712000,34.874800,128.719200,976.6,3.91
texaco-s-no-5,GBS/Texaco/E1 권역,e4-f-no-5,E4,의장공장,34.868300,128.712000,34.875200,128.719500,1028,4.11
texaco-s-no-6,GBS/Texaco/E1 권역,1dock-P-no-1,1dock,도장공장,34.864500,128.708700,34.869100,128.693200,1503.7,6.01
texaco-s-no-6,GBS/Texaco/E1 권역,1dock-P-no-2,1dock,도장공장,34.864500,128.708700,34.870500,128.693100,1571.8,6.29
texaco-s-no-6,GBS/Texaco/E1 권역,1dock-P-no-3,1dock,도장공장,34.864500,128.708700,34.871100,128.692400,1658.2,6.63
texaco-s-no-6,GBS/Texaco/E1 권역,1dock-P-no-4,1dock,도장공장,34.864500,128.708700,34.872100,128.694800,1523.9,6.1
texaco-s-no-6,GBS/Texaco/E1 권역,1dock-P-no-5,1dock,도장공장,34.864500,128.708700,34.872900,128.695400,1531.2,6.12
texaco-s-no-6,GBS/Texaco/E1 권역,1dock-P-no-6,1dock,도장공장,34.864500,128.708700,34.871800,128.692800,1662.2,6.65
texaco-s-no-6,GBS/Texaco/E1 권역,1dock-P-no-7,1dock,도장공장,34.864500,128.708700,34.873500,128.694400,1644.2,6.58
texaco-s-no-6,GBS/Texaco/E1 권역,1dock-f-no-1,1dock,의장공장,34.864500,128.708700,34.876350,128.702080,1449.5,5.8
texaco-s-no-6,GBS/Texaco/E1 권역,2dock-f-no-1,1dock,의장공장,34.864500,128.708700,34.875200,128.701000,1381.7,5.53
texaco-s-no-6,GBS/Texaco/E1 권역,2dock-f-no-2,1dock,의장공장,34.864500,128.708700,34.876400,128.702300,1446.3,5.79
texaco-s-no-6,GBS/Texaco/E1 권역,2dock-P-no-1,2dock,도장공장,34.864500,128.708700,34.873900,128.705400,1087.7,4.35
texaco-s-no-6,GBS/Texaco/E1 권역,2dock-P-no-2,2dock,도장공장,34.864500,128.708700,34.874300,128.703700,1181.3,4.73
texaco-s-no-6,GBS/Texaco/E1 권역,2dock-P-no-3,2dock,도장공장,34.864500,128.708700,34.875200,128.704600,1247.2,4.99
texaco-s-no-6,GBS/Texaco/E1 권역,2dock-P-no-4,2dock,도장공장,34.864500,128.708700,34.875800,128.705300,1294.2,5.18
texaco-s-no-6,GBS/Texaco/E1 권역,2dock-P-no-5,2dock,도장공장,34.864500,128.708700,34.875400,128.706300,1231.6,4.93
texaco-s-no-6,GBS/Texaco/E1 권역,wharf-f-no-1,내업/하역안벽 권역,의장공장,34.864500,128.708700,34.869100,128.697000,1183.6,4.73
texaco-s-no-6,GBS/Texaco/E1 권역,wharf-f-no-2,내업/하역안벽 권역,의장공장,34.864500,128.708700,34.870600,128.696800,1280.1,5.12
texaco-s-no-6,GBS/Texaco/E1 권역,wharf-f-no-3,내업/하역안벽 권역,의장공장,34.864500,128.708700,34.870400,128.697600,1206.6,4.83
texaco-s-no-6,GBS/Texaco/E1 권역,wharf-f-no-4,내업/하역안벽 권역,의장공장,34.864500,128.708700,34.870700,128.697800,1210,4.84
texaco-s-no-6,GBS/Texaco/E1 권역,wharf-f-no-5,내업/하역안벽 권역,의장공장,34.864500,128.708700,34.871700,128.704300,895.6,3.58
texaco-s-no-6,GBS/Texaco/E1 권역,texaco-f-no-1,GBS/Texaco/E1 권역,의장공장,34.864500,128.708700,34.863100,128.706900,226.3,0.91
texaco-s-no-6,GBS/Texaco/E1 권역,texaco-f-no-2,GBS/Texaco/E1 권역,의장공장,34.864500,128.708700,34.863600,128.707100,177,0.71
texaco-s-no-6,GBS/Texaco/E1 권역,texaco-f-no-3,GBS/Texaco/E1 권역,의장공장,34.864500,128.708700,34.868800,128.706900,505.5,2.02
texaco-s-no-6,GBS/Texaco/E1 권역,texaco-p-no-1,GBS/Texaco/E1 권역,도장공장,34.864500,128.708700,34.862700,128.708300,203.5,0.81
texaco-s-no-6,GBS/Texaco/E1 권역,texaco-p-no-2,GBS/Texaco/E1 권역,도장공장,34.864500,128.708700,34.862500,128.708700,222.4,0.89
texaco-s-no-6,GBS/Texaco/E1 권역,texaco-p-no-3,GBS/Texaco/E1 권역,도장공장,34.864500,128.708700,34.864200,128.708300,49.4,0.2
texaco-s-no-6,GBS/Texaco/E1 권역,texaco-p-no-4,GBS/Texaco/E1 권역,도장공장,34.864500,128.708700,34.863300,128.709900,172.6,0.69
texaco-s-no-6,GBS/Texaco/E1 권역,texaco-p-no-5,GBS/Texaco/E1 권역,도장공장,34.864500,128.708700,34.866500,128.706900,276.4,1.11
texaco-s-no-6,GBS/Texaco/E1 권역,texaco-p-no-6,GBS/Texaco/E1 권역,도장공장,34.864500,128.708700,34.865700,128.708100,144.2,0.58
texaco-s-no-6,GBS/Texaco/E1 권역,texaco-p-no-7,GBS/Texaco/E1 권역,도장공장,34.864500,128.708700,34.866900,128.708100,272.4,1.09
texaco-s-no-6,GBS/Texaco/E1 권역,texaco-p-no-8,GBS/Texaco/E1 권역,도장공장,34.864500,128.708700,34.866400,128.708700,211.3,0.85
texaco-s-no-6,GBS/Texaco/E1 권역,texaco-p-no-9,GBS/Texaco/E1 권역,도장공장,34.864500,128.708700,34.868700,128.706900,495,1.98
texaco-s-no-6,GBS/Texaco/E1 권역,e4-p-no-1,E4,도장공장,34.864500,128.708700,34.877900,128.719500,1786.3,7.15
texaco-s-no-6,GBS/Texaco/E1 권역,e4-p-no-2,E4,도장공장,34.864500,128.708700,34.878200,128.720000,1839.4,7.36
texaco-s-no-6,GBS/Texaco/E1 권역,e4-p-no-3,E4,도장공장,34.864500,128.708700,34.879200,128.721000,1982.6,7.93
texaco-s-no-6,GBS/Texaco/E1 권역,e4-p-no-4,E4,도장공장,34.864500,128.708700,34.879400,128.719800,1941.8,7.77
texaco-s-no-6,GBS/Texaco/E1 권역,e4-p-no-5,E4,도장공장,34.864500,128.708700,34.879100,128.718700,1862.2,7.45
texaco-s-no-6,GBS/Texaco/E1 권역,e4-p-no-6,E4,도장공장,34.864500,128.708700,34.879500,128.719300,1928,7.71
texaco-s-no-6,GBS/Texaco/E1 권역,e4-p-no-7,E4,도장공장,34.864500,128.708700,34.879800,128.719900,1984.5,7.94
texaco-s-no-6,GBS/Texaco/E1 권역,e4-p-no-8,E4,도장공장,34.864500,128.708700,34.880300,128.720700,2070,8.28
texaco-s-no-6,GBS/Texaco/E1 권역,e4-p-no-9,E4,도장공장,34.864500,128.708700,34.880300,128.718500,1971.3,7.89
texaco-s-no-6,GBS/Texaco/E1 권역,e4-f-no-1,E4,의장공장,34.864500,128.708700,34.874400,128.719000,1447.3,5.79
texaco-s-no-6,GBS/Texaco/E1 권역,e4-f-no-2,E4,의장공장,34.864500,128.708700,34.874500,128.719200,1467.6,5.87
texaco-s-no-6,GBS/Texaco/E1 권역,e4-f-no-3,E4,의장공장,34.864500,128.708700,34.874700,128.719200,1484.6,5.94
texaco-s-no-6,GBS/Texaco/E1 권역,e4-f-no-4,E4,의장공장,34.864500,128.708700,34.874800,128.719200,1493.1,5.97
texaco-s-no-6,GBS/Texaco/E1 권역,e4-f-no-5,E4,의장공장,34.864500,128.708700,34.875200,128.719500,1544.8,6.18
e4-s-no-1,E4,1dock-P-no-1,1dock,도장공장,34.879000,128.717600,34.869100,128.693200,2483.3,9.93
e4-s-no-1,E4,1dock-P-no-2,1dock,도장공장,34.879000,128.717600,34.870500,128.693100,2426.7,9.71
e4-s-no-1,E4,1dock-P-no-3,1dock,도장공장,34.879000,128.717600,34.871100,128.692400,2461,9.84
e4-s-no-1,E4,1dock-P-no-4,1dock,도장공장,34.879000,128.717600,34.872100,128.694800,2217,8.87
e4-s-no-1,E4,1dock-P-no-5,1dock,도장공장,34.879000,128.717600,34.872900,128.695400,2135.8,8.54
e4-s-no-1,E4,1dock-P-no-6,1dock,도장공장,34.879000,128.717600,34.871800,128.692800,2399.9,9.6
e4-s-no-1,E4,1dock-P-no-7,1dock,도장공장,34.879000,128.717600,34.873500,128.694400,2203.1,8.81
e4-s-no-1,E4,1dock-f-no-1,1dock,의장공장,34.879000,128.717600,34.876350,128.702080,1446.2,5.78
e4-s-no-1,E4,2dock-f-no-1,1dock,의장공장,34.879000,128.717600,34.875200,128.701000,1572.2,6.29
e4-s-no-1,E4,2dock-f-no-2,1dock,의장공장,34.879000,128.717600,34.876400,128.702300,1425.4,5.7
e4-s-no-1,E4,2dock-P-no-1,2dock,도장공장,34.879000,128.717600,34.873900,128.705400,1249.1,5
e4-s-no-1,E4,2dock-P-no-2,2dock,도장공장,34.879000,128.717600,34.874300,128.703700,1371.5,5.49
e4-s-no-1,E4,2dock-P-no-3,2dock,도장공장,34.879000,128.717600,34.875200,128.704600,1259,5.04
e4-s-no-1,E4,2dock-P-no-4,2dock,도장공장,34.879000,128.717600,34.875800,128.705300,1177.2,4.71
e4-s-no-1,E4,2dock-P-no-5,2dock,도장공장,34.879000,128.717600,34.875400,128.706300,1105.9,4.42
e4-s-no-1,E4,wharf-f-no-1,내업/하역안벽 권역,의장공장,34.879000,128.717600,34.869100,128.697000,2178,8.71
e4-s-no-1,E4,wharf-f-no-2,내업/하역안벽 권역,의장공장,34.879000,128.717600,34.870600,128.696800,2115,8.46
e4-s-no-1,E4,wharf-f-no-3,내업/하역안벽 권역,의장공장,34.879000,128.717600,34.870400,128.697600,2060,8.24
e4-s-no-1,E4,wharf-f-no-4,내업/하역안벽 권역,의장공장,34.879000,128.717600,34.870700,128.697800,2028.4,8.11
e4-s-no-1,E4,wharf-f-no-5,내업/하역안벽 권역,의장공장,34.879000,128.717600,34.871700,128.704300,1459.8,5.84
e4-s-no-1,E4,texaco-f-no-1,GBS/Texaco/E1 권역,의장공장,34.879000,128.717600,34.863100,128.706900,2019.6,8.08
e4-s-no-1,E4,texaco-f-no-2,GBS/Texaco/E1 권역,의장공장,34.879000,128.717600,34.863600,128.707100,1962.1,7.85
e4-s-no-1,E4,texaco-f-no-3,GBS/Texaco/E1 권역,의장공장,34.879000,128.717600,34.868800,128.706900,1496.4,5.99
e4-s-no-1,E4,texaco-p-no-1,GBS/Texaco/E1 권역,도장공장,34.879000,128.717600,34.862700,128.708300,2001.2,8
e4-s-no-1,E4,texaco-p-no-2,GBS/Texaco/E1 권역,도장공장,34.879000,128.717600,34.862500,128.708700,2006.3,8.03
e4-s-no-1,E4,texaco-p-no-3,GBS/Texaco/E1 권역,도장공장,34.879000,128.717600,34.864200,128.708300,1851.5,7.41
e4-s-no-1,E4,texaco-p-no-4,GBS/Texaco/E1 권역,도장공장,34.879000,128.717600,34.863300,128.709900,1881.8,7.53
e4-s-no-1,E4,texaco-p-no-5,GBS/Texaco/E1 권역,도장공장,34.879000,128.717600,34.866500,128.706900,1698.5,6.79
e4-s-no-1,E4,texaco-p-no-6,GBS/Texaco/E1 권역,도장공장,34.879000,128.717600,34.865700,128.708100,1714.1,6.86
e4-s-no-1,E4,texaco-p-no-7,GBS/Texaco/E1 권역,도장공장,34.879000,128.717600,34.866900,128.708100,1600.4,6.4
e4-s-no-1,E4,texaco-p-no-8,GBS/Texaco/E1 권역,도장공장,34.879000,128.717600,34.866400,128.708700,1619.3,6.48
e4-s-no-1,E4,texaco-p-no-9,GBS/Texaco/E1 권역,도장공장,34.879000,128.717600,34.868700,128.706900,1504.8,6.02
e4-s-no-1,E4,e4-p-no-1,E4,도장공장,34.879000,128.717600,34.877900,128.719500,212.1,0.85
e4-s-no-1,E4,e4-p-no-2,E4,도장공장,34.879000,128.717600,34.878200,128.720000,236.3,0.95
e4-s-no-1,E4,e4-p-no-3,E4,도장공장,34.879000,128.717600,34.879200,128.721000,311,1.24
e4-s-no-1,E4,e4-p-no-4,E4,도장공장,34.879000,128.717600,34.879400,128.719800,205.6,0.82
e4-s-no-1,E4,e4-p-no-5,E4,도장공장,34.879000,128.717600,34.879100,128.718700,101,0.4
e4-s-no-1,E4,e4-p-no-6,E4,도장공장,34.879000,128.717600,34.879500,128.719300,164.8,0.66
e4-s-no-1,E4,e4-p-no-7,E4,도장공장,34.879000,128.717600,34.879800,128.719900,227.9,0.91
e4-s-no-1,E4,e4-p-no-8,E4,도장공장,34.879000,128.717600,34.880300,128.720700,317.6,1.27
e4-s-no-1,E4,e4-p-no-9,E4,도장공장,34.879000,128.717600,34.880300,128.718500,166.2,0.66
e4-s-no-1,E4,e4-f-no-1,E4,의장공장,34.879000,128.717600,34.874400,128.719000,527.2,2.11
e4-s-no-1,E4,e4-f-no-2,E4,의장공장,34.879000,128.717600,34.874500,128.719200,521.2,2.08
e4-s-no-1,E4,e4-f-no-3,E4,의장공장,34.879000,128.717600,34.874700,128.719200,499.9,2
e4-s-no-1,E4,e4-f-no-4,E4,의장공장,34.879000,128.717600,34.874800,128.719200,489.3,1.96
e4-s-no-1,E4,e4-f-no-5,E4,의장공장,34.879000,128.717600,34.875200,128.719500,456.7,1.83
e4-s-no-2,E4,1dock-P-no-1,1dock,도장공장,34.880700,128.719800,34.869100,128.693200,2748.1,10.99
e4-s-no-2,E4,1dock-P-no-2,1dock,도장공장,34.880700,128.719800,34.870500,128.693100,2686.9,10.75
e4-s-no-2,E4,1dock-P-no-3,1dock,도장공장,34.880700,128.719800,34.871100,128.692400,2718,10.87
e4-s-no-2,E4,1dock-P-no-4,1dock,도장공장,34.880700,128.719800,34.872100,128.694800,2473,9.89
e4-s-no-2,E4,1dock-P-no-5,1dock,도장공장,34.880700,128.719800,34.872900,128.695400,2388.9,9.56
e4-s-no-2,E4,1dock-P-no-6,1dock,도장공장,34.880700,128.719800,34.871800,128.692800,2654.5,10.62
e4-s-no-2,E4,1dock-P-no-7,1dock,도장공장,34.880700,128.719800,34.873500,128.694400,2451.6,9.81
e4-s-no-2,E4,1dock-f-no-1,1dock,의장공장,34.880700,128.719800,34.876350,128.702080,1687.4,6.75
e4-s-no-2,E4,2dock-f-no-1,1dock,의장공장,34.880700,128.719800,34.875200,128.701000,1820.8,7.28
e4-s-no-2,E4,2dock-f-no-2,1dock,의장공장,34.880700,128.719800,34.876400,128.702300,1666.5,6.67
e4-s-no-2,E4,2dock-P-no-1,2dock,도장공장,34.880700,128.719800,34.873900,128.705400,1515.7,6.06
e4-s-no-2,E4,2dock-P-no-2,2dock,도장공장,34.880700,128.719800,34.874300,128.703700,1632.1,6.53
e4-s-no-2,E4,2dock-P-no-3,2dock,도장공장,34.880700,128.719800,34.875200,128.704600,1515.5,6.06
e4-s-no-2,E4,2dock-P-no-4,2dock,도장공장,34.880700,128.719800,34.875800,128.705300,1430.6,5.72
e4-s-no-2,E4,2dock-P-no-5,2dock,도장공장,34.880700,128.719800,34.875400,128.706300,1365.3,5.46
e4-s-no-2,E4,wharf-f-no-1,내업/하역안벽 권역,의장공장,34.880700,128.719800,34.869100,128.697000,2447.5,9.79
e4-s-no-2,E4,wharf-f-no-2,내업/하역안벽 권역,의장공장,34.880700,128.719800,34.870600,128.696800,2379.9,9.52
e4-s-no-2,E4,wharf-f-no-3,내업/하역안벽 권역,의장공장,34.880700,128.719800,34.870400,128.697600,2326.7,9.31
e4-s-no-2,E4,wharf-f-no-4,내업/하역안벽 권역,의장공장,34.880700,128.719800,34.870700,128.697800,2294.4,9.18
e4-s-no-2,E4,wharf-f-no-5,내업/하역안벽 권역,의장공장,34.880700,128.719800,34.871700,128.704300,1732.3,6.93
e4-s-no-2,E4,texaco-f-no-1,GBS/Texaco/E1 권역,의장공장,34.880700,128.719800,34.863100,128.706900,2283.6,9.13
e4-s-no-2,E4,texaco-f-no-2,GBS/Texaco/E1 권역,의장공장,34.880700,128.719800,34.863600,128.707100,2226.6,8.91
e4-s-no-2,E4,texaco-f-no-3,GBS/Texaco/E1 권역,의장공장,34.880700,128.719800,34.868800,128.706900,1770.8,7.08
e4-s-no-2,E4,texaco-p-no-1,GBS/Texaco/E1 권역,도장공장,34.880700,128.719800,34.862700,128.708300,2259.8,9.04
e4-s-no-2,E4,texaco-p-no-2,GBS/Texaco/E1 권역,도장공장,34.880700,128.719800,34.862500,128.708700,2263,9.05
e4-s-no-2,E4,texaco-p-no-3,GBS/Texaco/E1 권역,도장공장,34.880700,128.719800,34.864200,128.708300,2113.5,8.45
e4-s-no-2,E4,texaco-p-no-4,GBS/Texaco/E1 권역,도장공장,34.880700,128.719800,34.863300,128.709900,2135.2,8.54
e4-s-no-2,E4,texaco-p-no-5,GBS/Texaco/E1 권역,도장공장,34.880700,128.719800,34.866500,128.706900,1969.3,7.88
e4-s-no-2,E4,texaco-p-no-6,GBS/Texaco/E1 권역,도장공장,34.880700,128.719800,34.865700,128.708100,1980.2,7.92
e4-s-no-2,E4,texaco-p-no-7,GBS/Texaco/E1 권역,도장공장,34.880700,128.719800,34.866900,128.708100,1869.2,7.48
e4-s-no-2,E4,texaco-p-no-8,GBS/Texaco/E1 권역,도장공장,34.880700,128.719800,34.866400,128.708700,1885.1,7.54
e4-s-no-2,E4,texaco-p-no-9,GBS/Texaco/E1 권역,도장공장,34.880700,128.719800,34.868700,128.706900,1779.2,7.12
e4-s-no-2,E4,e4-p-no-1,E4,도장공장,34.880700,128.719800,34.877900,128.719500,312.5,1.25
e4-s-no-2,E4,e4-p-no-2,E4,도장공장,34.880700,128.719800,34.878200,128.720000,278.6,1.11
e4-s-no-2,E4,e4-p-no-3,E4,도장공장,34.880700,128.719800,34.879200,128.721000,199.5,0.8
e4-s-no-2,E4,e4-p-no-4,E4,도장공장,34.880700,128.719800,34.879400,128.719800,144.6,0.58
e4-s-no-2,E4,e4-p-no-5,E4,도장공장,34.880700,128.719800,34.879100,128.718700,204.3,0.82
e4-s-no-2,E4,e4-p-no-6,E4,도장공장,34.880700,128.719800,34.879500,128.719300,141,0.56
e4-s-no-2,E4,e4-p-no-7,E4,도장공장,34.880700,128.719800,34.879800,128.719900,100.5,0.4
e4-s-no-2,E4,e4-p-no-8,E4,도장공장,34.880700,128.719800,34.880300,128.720700,93.4,0.37
e4-s-no-2,E4,e4-p-no-9,E4,도장공장,34.880700,128.719800,34.880300,128.718500,126.7,0.51
e4-s-no-2,E4,e4-f-no-1,E4,의장공장,34.880700,128.719800,34.874400,128.719000,704.3,2.82
e4-s-no-2,E4,e4-f-no-2,E4,의장공장,34.880700,128.719800,34.874500,128.719200,691.6,2.77
e4-s-no-2,E4,e4-f-no-3,E4,의장공장,34.880700,128.719800,34.874700,128.719200,669.4,2.68
e4-s-no-2,E4,e4-f-no-4,E4,의장공장,34.880700,128.719800,34.874800,128.719200,658.3,2.63
e4-s-no-2,E4,e4-f-no-5,E4,의장공장,34.880700,128.719800,34.875200,128.719500,612.2,2.45
e4-s-no-3,E4,1dock-P-no-1,1dock,도장공장,34.877300,128.719500,34.869100,128.693200,2566.7,10.27
e4-s-no-3,E4,1dock-P-no-2,1dock,도장공장,34.877300,128.719500,34.870500,128.693100,2524.3,10.1
e4-s-no-3,E4,1dock-P-no-3,1dock,도장공장,34.877300,128.719500,34.871100,128.692400,2566.6,10.27
e4-s-no-3,E4,1dock-P-no-4,1dock,도장공장,34.877300,128.719500,34.872100,128.694800,2326.3,9.31
e4-s-no-3,E4,1dock-P-no-5,1dock,도장공장,34.877300,128.719500,34.872900,128.695400,2252.4,9.01
e4-s-no-3,E4,1dock-P-no-6,1dock,도장공장,34.877300,128.719500,34.871800,128.692800,2511.4,10.05
e4-s-no-3,E4,1dock-P-no-7,1dock,도장공장,34.877300,128.719500,34.873500,128.694400,2328.5,9.31
e4-s-no-3,E4,1dock-f-no-1,1dock,의장공장,34.877300,128.719500,34.876350,128.702080,1592.7,6.37
e4-s-no-3,E4,2dock-f-no-1,1dock,의장공장,34.877300,128.719500,34.875200,128.701000,1703.8,6.82
e4-s-no-3,E4,2dock-f-no-2,1dock,의장공장,34.877300,128.719500,34.876400,128.702300,1572.3,6.29
e4-s-no-3,E4,2dock-P-no-1,2dock,도장공장,34.877300,128.719500,34.873900,128.705400,1340.7,5.36
e4-s-no-3,E4,2dock-P-no-2,2dock,도장공장,34.877300,128.719500,34.874300,128.703700,1479.5,5.92
e4-s-no-3,E4,2dock-P-no-3,2dock,도장공장,34.877300,128.719500,34.875200,128.704600,1379.2,5.52
e4-s-no-3,E4,2dock-P-no-4,2dock,도장공장,34.877300,128.719500,34.875800,128.705300,1306.1,5.22
e4-s-no-3,E4,2dock-P-no-5,2dock,도장공장,34.877300,128.719500,34.875400,128.706300,1222.6,4.89
e4-s-no-3,E4,wharf-f-no-1,내업/하역안벽 권역,의장공장,34.877300,128.719500,34.869100,128.697000,2246,8.98
e4-s-no-3,E4,wharf-f-no-2,내업/하역안벽 권역,의장공장,34.877300,128.719500,34.870600,128.696800,2200.8,8.8
e4-s-no-3,E4,wharf-f-no-3,내업/하역안벽 권역,의장공장,34.877300,128.719500,34.870400,128.697600,2140.1,8.56
e4-s-no-3,E4,wharf-f-no-4,내업/하역안벽 권역,의장공장,34.877300,128.719500,34.870700,128.697800,2111.3,8.45
e4-s-no-3,E4,wharf-f-no-5,내업/하역안벽 권역,의장공장,34.877300,128.719500,34.871700,128.704300,1520,6.08
e4-s-no-3,E4,texaco-f-no-1,GBS/Texaco/E1 권역,의장공장,34.877300,128.719500,34.863100,128.706900,1953,7.81
e4-s-no-3,E4,texaco-f-no-2,GBS/Texaco/E1 권역,의장공장,34.877300,128.719500,34.863600,128.707100,1897.4,7.59
e4-s-no-3,E4,texaco-f-no-3,GBS/Texaco/E1 권역,의장공장,34.877300,128.719500,34.868800,128.706900,1488.1,5.95
e4-s-no-3,E4,texaco-p-no-1,GBS/Texaco/E1 권역,도장공장,34.877300,128.719500,34.862700,128.708300,1918.2,7.67
e4-s-no-3,E4,texaco-p-no-2,GBS/Texaco/E1 권역,도장공장,34.877300,128.719500,34.862500,128.708700,1918.1,7.67
e4-s-no-3,E4,texaco-p-no-3,GBS/Texaco/E1 권역,도장공장,34.877300,128.719500,34.864200,128.708300,1779.3,7.12
e4-s-no-3,E4,texaco-p-no-4,GBS/Texaco/E1 권역,도장공장,34.877300,128.719500,34.863300,128.709900,1786.2,7.14
e4-s-no-3,E4,texaco-p-no-5,GBS/Texaco/E1 권역,도장공장,34.877300,128.719500,34.866500,128.706900,1662.4,6.65
e4-s-no-3,E4,texaco-p-no-6,GBS/Texaco/E1 권역,도장공장,34.877300,128.719500,34.865700,128.708100,1656.9,6.63
e4-s-no-3,E4,texaco-p-no-7,GBS/Texaco/E1 권역,도장공장,34.877300,128.719500,34.866900,128.708100,1555.3,6.22
e4-s-no-3,E4,texaco-p-no-8,GBS/Texaco/E1 권역,도장공장,34.877300,128.719500,34.866400,128.708700,1562,6.25
e4-s-no-3,E4,texaco-p-no-9,GBS/Texaco/E1 권역,도장공장,34.877300,128.719500,34.868700,128.706900,1495.2,5.98
e4-s-no-3,E4,e4-p-no-1,E4,도장공장,34.877300,128.719500,34.877900,128.719500,66.7,0.27
e4-s-no-3,E4,e4-p-no-2,E4,도장공장,34.877300,128.719500,34.878200,128.720000,110,0.44
e4-s-no-3,E4,e4-p-no-3,E4,도장공장,34.877300,128.719500,34.879200,128.721000,251.7,1.01
e4-s-no-3,E4,e4-p-no-4,E4,도장공장,34.877300,128.719500,34.879400,128.719800,235.1,0.94
e4-s-no-3,E4,e4-p-no-5,E4,도장공장,34.877300,128.719500,34.879100,128.718700,213,0.85
e4-s-no-3,E4,e4-p-no-6,E4,도장공장,34.877300,128.719500,34.879500,128.719300,245.3,0.98
e4-s-no-3,E4,e4-p-no-7,E4,도장공장,34.877300,128.719500,34.879800,128.719900,280.4,1.12
e4-s-no-3,E4,e4-p-no-8,E4,도장공장,34.877300,128.719500,34.880300,128.720700,351.1,1.4
e4-s-no-3,E4,e4-p-no-9,E4,도장공장,34.877300,128.719500,34.880300,128.718500,345.8,1.38
e4-s-no-3,E4,e4-f-no-1,E4,의장공장,34.877300,128.719500,34.874400,128.719000,325.7,1.3
e4-s-no-3,E4,e4-f-no-2,E4,의장공장,34.877300,128.719500,34.874500,128.719200,312.5,1.25
e4-s-no-3,E4,e4-f-no-3,E4,의장공장,34.877300,128.719500,34.874700,128.719200,290.4,1.16
e4-s-no-3,E4,e4-f-no-4,E4,의장공장,34.877300,128.719500,34.874800,128.719200,279.3,1.12
e4-s-no-3,E4,e4-f-no-5,E4,의장공장,34.877300,128.719500,34.875200,128.719500,233.5,0.93
e4-s-no-4,E4,1dock-P-no-1,1dock,도장공장,34.881300,128.724300,34.869100,128.693200,3144.8,12.58
e4-s-no-4,E4,1dock-P-no-2,1dock,도장공장,34.881300,128.724300,34.870500,128.693100,3089.3,12.36
e4-s-no-4,E4,1dock-P-no-3,1dock,도장공장,34.881300,128.724300,34.871100,128.692400,3123.3,12.49
e4-s-no-4,E4,1dock-P-no-4,1dock,도장공장,34.881300,128.724300,34.872100,128.694800,2879.1,11.52
e4-s-no-4,E4,1dock-P-no-5,1dock,도장공장,34.881300,128.724300,34.872900,128.695400,2797,11.19
e4-s-no-4,E4,1dock-P-no-6,1dock,도장공장,34.881300,128.724300,34.871800,128.692800,3061.7,12.25
e4-s-no-4,E4,1dock-P-no-7,1dock,도장공장,34.881300,128.724300,34.873500,128.694400,2862.3,11.45
e4-s-no-4,E4,1dock-f-no-1,1dock,의장공장,34.881300,128.724300,34.876350,128.702080,2100.5,8.4
e4-s-no-4,E4,2dock-f-no-1,1dock,의장공장,34.881300,128.724300,34.875200,128.701000,2231.2,8.92
e4-s-no-4,E4,2dock-f-no-2,1dock,의장공장,34.881300,128.724300,34.876400,128.702300,2079.6,8.32
e4-s-no-4,E4,2dock-P-no-1,2dock,도장공장,34.881300,128.724300,34.873900,128.705400,1910.5,7.64
e4-s-no-4,E4,2dock-P-no-2,2dock,도장공장,34.881300,128.724300,34.874300,128.703700,2034.1,8.14
e4-s-no-4,E4,2dock-P-no-3,2dock,도장공장,34.881300,128.724300,34.875200,128.704600,1920.9,7.68
e4-s-no-4,E4,2dock-P-no-4,2dock,도장공장,34.881300,128.724300,34.875800,128.705300,1838,7.35
e4-s-no-4,E4,2dock-P-no-5,2dock,도장공장,34.881300,128.724300,34.875400,128.706300,1768.3,7.07
e4-s-no-4,E4,wharf-f-no-1,내업/하역안벽 권역,의장공장,34.881300,128.724300,34.869100,128.697000,2836,11.34
e4-s-no-4,E4,wharf-f-no-2,내업/하역안벽 권역,의장공장,34.881300,128.724300,34.870600,128.696800,2776.6,11.11
e4-s-no-4,E4,wharf-f-no-3,내업/하역안벽 권역,의장공장,34.881300,128.724300,34.870400,128.697600,2720.6,10.88
e4-s-no-4,E4,wharf-f-no-4,내업/하역안벽 권역,의장공장,34.881300,128.724300,34.870700,128.697800,2689.5,10.76
e4-s-no-4,E4,wharf-f-no-5,내업/하역안벽 권역,의장공장,34.881300,128.724300,34.871700,128.704300,2113.9,8.46
e4-s-no-4,E4,texaco-f-no-1,GBS/Texaco/E1 권역,의장공장,34.881300,128.724300,34.863100,128.706900,2572,10.29
e4-s-no-4,E4,texaco-f-no-2,GBS/Texaco/E1 권역,의장공장,34.881300,128.724300,34.863600,128.707100,2517.1,10.07
e4-s-no-4,E4,texaco-f-no-3,GBS/Texaco/E1 권역,의장공장,34.881300,128.724300,34.868800,128.706900,2109.9,8.44
e4-s-no-4,E4,texaco-p-no-1,GBS/Texaco/E1 권역,도장공장,34.881300,128.724300,34.862700,128.708300,2531.4,10.13
e4-s-no-4,E4,texaco-p-no-2,GBS/Texaco/E1 권역,도장공장,34.881300,128.724300,34.862500,128.708700,2528.9,10.12
e4-s-no-4,E4,texaco-p-no-3,GBS/Texaco/E1 권역,도장공장,34.881300,128.724300,34.864200,128.708300,2397.1,9.59
e4-s-no-4,E4,texaco-p-no-4,GBS/Texaco/E1 권역,도장공장,34.881300,128.724300,34.863300,128.709900,2394.1,9.58
e4-s-no-4,E4,texaco-p-no-5,GBS/Texaco/E1 권역,도장공장,34.881300,128.724300,34.866500,128.706900,2286.5,9.15
e4-s-no-4,E4,texaco-p-no-6,GBS/Texaco/E1 권역,도장공장,34.881300,128.724300,34.865700,128.708100,2278.8,9.12
e4-s-no-4,E4,texaco-p-no-7,GBS/Texaco/E1 권역,도장공장,34.881300,128.724300,34.866900,128.708100,2179,8.72
e4-s-no-4,E4,texaco-p-no-8,GBS/Texaco/E1 권역,도장공장,34.881300,128.724300,34.866400,128.708700,2184.1,8.74
e4-s-no-4,E4,texaco-p-no-9,GBS/Texaco/E1 권역,도장공장,34.881300,128.724300,34.868700,128.706900,2117.2,8.47
e4-s-no-4,E4,e4-p-no-1,E4,도장공장,34.881300,128.724300,34.877900,128.719500,578.5,2.31
e4-s-no-4,E4,e4-p-no-2,E4,도장공장,34.881300,128.724300,34.878200,128.720000,522.2,2.09
e4-s-no-4,E4,e4-p-no-3,E4,도장공장,34.881300,128.724300,34.879200,128.721000,381,1.52
e4-s-no-4,E4,e4-p-no-4,E4,도장공장,34.881300,128.724300,34.879400,128.719800,461.7,1.85
e4-s-no-4,E4,e4-p-no-5,E4,도장공장,34.881300,128.724300,34.879100,128.718700,566.4,2.27
e4-s-no-4,E4,e4-p-no-6,E4,도장공장,34.881300,128.724300,34.879500,128.719300,498.1,1.99
e4-s-no-4,E4,e4-p-no-7,E4,도장공장,34.881300,128.724300,34.879800,128.719900,434.7,1.74
e4-s-no-4,E4,e4-p-no-8,E4,도장공장,34.881300,128.724300,34.880300,128.720700,346.7,1.39
e4-s-no-4,E4,e4-p-no-9,E4,도장공장,34.881300,128.724300,34.880300,128.718500,540.7,2.16
e4-s-no-4,E4,e4-f-no-1,E4,의장공장,34.881300,128.724300,34.874400,128.719000,906.9,3.63
e4-s-no-4,E4,e4-f-no-2,E4,의장공장,34.881300,128.724300,34.874500,128.719200,887.8,3.55
e4-s-no-4,E4,e4-f-no-3,E4,의장공장,34.881300,128.724300,34.874700,128.719200,868.9,3.48
e4-s-no-4,E4,e4-f-no-4,E4,의장공장,34.881300,128.724300,34.874800,128.719200,859.6,3.44
e4-s-no-4,E4,e4-f-no-5,E4,의장공장,34.881300,128.724300,34.875200,128.719500,807.4,3.23
e4-s-no-5,E4,1dock-P-no-1,1dock,도장공장,34.881800,128.725200,34.869100,128.693200,3242.9,12.97
e4-s-no-5,E4,1dock-P-no-2,1dock,도장공장,34.881800,128.725200,34.870500,128.693100,3186.6,12.75
e4-s-no-5,E4,1dock-P-no-3,1dock,도장공장,34.881800,128.725200,34.871100,128.692400,3220.1,12.88
e4-s-no-5,E4,1dock-P-no-4,1dock,도장공장,34.881800,128.725200,34.872100,128.694800,2975.7,11.9
e4-s-no-5,E4,1dock-P-no-5,1dock,도장공장,34.881800,128.725200,34.872900,128.695400,2893.1,11.57
e4-s-no-5,E4,1dock-P-no-6,1dock,도장공장,34.881800,128.725200,34.871800,128.692800,3158,12.63
e4-s-no-5,E4,1dock-P-no-7,1dock,도장공장,34.881800,128.725200,34.873500,128.694400,2957.5,11.83
e4-s-no-5,E4,1dock-f-no-1,1dock,의장공장,34.881800,128.725200,34.876350,128.702080,2194.5,8.78
e4-s-no-5,E4,2dock-f-no-1,1dock,의장공장,34.881800,128.725200,34.875200,128.701000,2326.5,9.31
e4-s-no-5,E4,2dock-f-no-2,1dock,의장공장,34.881800,128.725200,34.876400,128.702300,2173.7,8.69
e4-s-no-5,E4,2dock-P-no-1,2dock,도장공장,34.881800,128.725200,34.873900,128.705400,2008.6,8.03
e4-s-no-5,E4,2dock-P-no-2,2dock,도장공장,34.881800,128.725200,34.874300,128.703700,2131.3,8.53
e4-s-no-5,E4,2dock-P-no-3,2dock,도장공장,34.881800,128.725200,34.875200,128.704600,2017.5,8.07
e4-s-no-5,E4,2dock-P-no-4,2dock,도장공장,34.881800,128.725200,34.875800,128.705300,1934.1,7.74
e4-s-no-5,E4,2dock-P-no-5,2dock,도장공장,34.881800,128.725200,34.875400,128.706300,1865.3,7.46
e4-s-no-5,E4,wharf-f-no-1,내업/하역안벽 권역,의장공장,34.881800,128.725200,34.869100,128.697000,2934.7,11.74
e4-s-no-5,E4,wharf-f-no-2,내업/하역안벽 권역,의장공장,34.881800,128.725200,34.870600,128.696800,2874.6,11.5
e4-s-no-5,E4,wharf-f-no-3,내업/하역안벽 권역,의장공장,34.881800,128.725200,34.870400,128.697600,2819,11.28
e4-s-no-5,E4,wharf-f-no-4,내업/하역안벽 권역,의장공장,34.881800,128.725200,34.870700,128.697800,2787.7,11.15
e4-s-no-5,E4,wharf-f-no-5,내업/하역안벽 권역,의장공장,34.881800,128.725200,34.871700,128.704300,2212.8,8.85
e4-s-no-5,E4,texaco-f-no-1,GBS/Texaco/E1 권역,의장공장,34.881800,128.725200,34.863100,128.706900,2666.6,10.67
e4-s-no-5,E4,texaco-f-no-2,GBS/Texaco/E1 권역,의장공장,34.881800,128.725200,34.863600,128.707100,2611.9,10.45
e4-s-no-5,E4,texaco-f-no-3,GBS/Texaco/E1 권역,의장공장,34.881800,128.725200,34.868800,128.706900,2208.3,8.83
e4-s-no-5,E4,texaco-p-no-1,GBS/Texaco/E1 권역,도장공장,34.881800,128.725200,34.862700,128.708300,2624.4,10.5
e4-s-no-5,E4,texaco-p-no-2,GBS/Texaco/E1 권역,도장공장,34.881800,128.725200,34.862500,128.708700,2621.3,10.49
e4-s-no-5,E4,texaco-p-no-3,GBS/Texaco/E1 권역,도장공장,34.881800,128.725200,34.864200,128.708300,2491.4,9.97
e4-s-no-5,E4,texaco-p-no-4,GBS/Texaco/E1 권역,도장공장,34.881800,128.725200,34.863300,128.709900,2485.9,9.94
e4-s-no-5,E4,texaco-p-no-5,GBS/Texaco/E1 권역,도장공장,34.881800,128.725200,34.866500,128.706900,2383.6,9.53
e4-s-no-5,E4,texaco-p-no-6,GBS/Texaco/E1 권역,도장공장,34.881800,128.725200,34.865700,128.708100,2374.6,9.5
e4-s-no-5,E4,texaco-p-no-7,GBS/Texaco/E1 권역,도장공장,34.881800,128.725200,34.866900,128.708100,2275.6,9.1
e4-s-no-5,E4,texaco-p-no-8,GBS/Texaco/E1 권역,도장공장,34.881800,128.725200,34.866400,128.708700,2279.9,9.12
e4-s-no-5,E4,texaco-p-no-9,GBS/Texaco/E1 권역,도장공장,34.881800,128.725200,34.868700,128.706900,2215.6,8.86
e4-s-no-5,E4,e4-p-no-1,E4,도장공장,34.881800,128.725200,34.877900,128.719500,677.1,2.71
e4-s-no-5,E4,e4-p-no-2,E4,도장공장,34.881800,128.725200,34.878200,128.720000,620.7,2.48
e4-s-no-5,E4,e4-p-no-3,E4,도장공장,34.881800,128.725200,34.879200,128.721000,480,1.92
e4-s-no-5,E4,e4-p-no-4,E4,도장공장,34.881800,128.725200,34.879400,128.719800,560.3,2.24
e4-s-no-5,E4,e4-p-no-5,E4,도장공장,34.881800,128.725200,34.879100,128.718700,664.6,2.66
e4-s-no-5,E4,e4-p-no-6,E4,도장공장,34.881800,128.725200,34.879500,128.719300,595.9,2.38
e4-s-no-5,E4,e4-p-no-7,E4,도장공장,34.881800,128.725200,34.879800,128.719900,532.2,2.13
e4-s-no-5,E4,e4-p-no-8,E4,도장공장,34.881800,128.725200,34.880300,128.720700,443.1,1.77
e4-s-no-5,E4,e4-p-no-9,E4,도장공장,34.881800,128.725200,34.880300,128.718500,633.6,2.53
e4-s-no-5,E4,e4-f-no-1,E4,의장공장,34.881800,128.725200,34.874400,128.719000,998.5,3.99
e4-s-no-5,E4,e4-f-no-2,E4,의장공장,34.881800,128.725200,34.874500,128.719200,979,3.92
e4-s-no-5,E4,e4-f-no-3,E4,의장공장,34.881800,128.725200,34.874700,128.719200,960.7,3.84
e4-s-no-5,E4,e4-f-no-4,E4,의장공장,34.881800,128.725200,34.874800,128.719200,951.6,3.81
e4-s-no-5,E4,e4-f-no-5,E4,의장공장,34.881800,128.725200,34.875200,128.719500,899.4,3.6
e4-s-no-6,E4,1dock-P-no-1,1dock,도장공장,34.884200,128.725200,34.869100,128.693200,3367.7,13.47
e4-s-no-6,E4,1dock-P-no-2,1dock,도장공장,34.884200,128.725200,34.870500,128.693100,3300.9,13.2
e4-s-no-6,E4,1dock-P-no-3,1dock,도장공장,34.884200,128.725200,34.871100,128.692400,3328,13.31
e4-s-no-6,E4,1dock-P-no-4,1dock,도장공장,34.884200,128.725200,34.872100,128.694800,3082.4,12.33
e4-s-no-6,E4,1dock-P-no-5,1dock,도장공장,34.884200,128.725200,34.872900,128.695400,2994.9,11.98
e4-s-no-6,E4,1dock-P-no-6,1dock,도장공장,34.884200,128.725200,34.871800,128.692800,3261.5,13.05
e4-s-no-6,E4,1dock-P-no-7,1dock,도장공장,34.884200,128.725200,34.873500,128.694400,3051.3,12.21
e4-s-no-6,E4,1dock-f-no-1,1dock,의장공장,34.884200,128.725200,34.876350,128.702080,2282.7,9.13
e4-s-no-6,E4,2dock-f-no-1,1dock,의장공장,34.884200,128.725200,34.875200,128.701000,2423.9,9.7
e4-s-no-6,E4,2dock-f-no-2,1dock,의장공장,34.884200,128.725200,34.876400,128.702300,2262,9.05
e4-s-no-6,E4,2dock-P-no-1,2dock,도장공장,34.884200,128.725200,34.873900,128.705400,2138.8,8.56
e4-s-no-6,E4,2dock-P-no-2,2dock,도장공장,34.884200,128.725200,34.874300,128.703700,2249.2,9
e4-s-no-6,E4,2dock-P-no-3,2dock,도장공장,34.884200,128.725200,34.875200,128.704600,2129.1,8.52
e4-s-no-6,E4,2dock-P-no-4,2dock,도장공장,34.884200,128.725200,34.875800,128.705300,2041.6,8.17
e4-s-no-6,E4,2dock-P-no-5,2dock,도장공장,34.884200,128.725200,34.875400,128.706300,1982.5,7.93
e4-s-no-6,E4,wharf-f-no-1,내업/하역안벽 권역,의장공장,34.884200,128.725200,34.869100,128.697000,3072,12.29
e4-s-no-6,E4,wharf-f-no-2,내업/하역안벽 권역,의장공장,34.884200,128.725200,34.870600,128.696800,2999.9,12
e4-s-no-6,E4,wharf-f-no-3,내업/하역안벽 권역,의장공장,34.884200,128.725200,34.870400,128.697600,2948.6,11.79
e4-s-no-6,E4,wharf-f-no-4,내업/하역안벽 권역,의장공장,34.884200,128.725200,34.870700,128.697800,2915.7,11.66
e4-s-no-6,E4,wharf-f-no-5,내업/하역안벽 권역,의장공장,34.884200,128.725200,34.871700,128.704300,2359.5,9.44
e4-s-no-6,E4,texaco-f-no-1,GBS/Texaco/E1 권역,의장공장,34.884200,128.725200,34.863100,128.706900,2879.5,11.52
e4-s-no-6,E4,texaco-f-no-2,GBS/Texaco/E1 권역,의장공장,34.884200,128.725200,34.863600,128.707100,2823.7,11.29
e4-s-no-6,E4,texaco-f-no-3,GBS/Texaco/E1 권역,의장공장,34.884200,128.725200,34.868800,128.706900,2391.5,9.57
e4-s-no-6,E4,texaco-p-no-1,GBS/Texaco/E1 권역,도장공장,34.884200,128.725200,34.862700,128.708300,2844.7,11.38
e4-s-no-6,E4,texaco-p-no-2,GBS/Texaco/E1 권역,도장공장,34.884200,128.725200,34.862500,128.708700,2843.9,11.38
e4-s-no-6,E4,texaco-p-no-3,GBS/Texaco/E1 권역,도장공장,34.884200,128.725200,34.864200,128.708300,2706,10.82
e4-s-no-6,E4,texaco-p-no-4,GBS/Texaco/E1 권역,도장공장,34.884200,128.725200,34.863300,128.709900,2710.9,10.84
e4-s-no-6,E4,texaco-p-no-5,GBS/Texaco/E1 권역,도장공장,34.884200,128.725200,34.866500,128.706900,2580.8,10.32
e4-s-no-6,E4,texaco-p-no-6,GBS/Texaco/E1 권역,도장공장,34.884200,128.725200,34.865700,128.708100,2581.7,10.33
e4-s-no-6,E4,texaco-p-no-7,GBS/Texaco/E1 권역,도장공장,34.884200,128.725200,34.866900,128.708100,2476.7,9.91
e4-s-no-6,E4,texaco-p-no-8,GBS/Texaco/E1 권역,도장공장,34.884200,128.725200,34.866400,128.708700,2486.6,9.95
e4-s-no-6,E4,texaco-p-no-9,GBS/Texaco/E1 권역,도장공장,34.884200,128.725200,34.868700,128.706900,2399.5,9.6
e4-s-no-6,E4,e4-p-no-1,E4,도장공장,34.884200,128.725200,34.877900,128.719500,872.4,3.49
e4-s-no-6,E4,e4-p-no-2,E4,도장공장,34.884200,128.725200,34.878200,128.720000,818.6,3.27
e4-s-no-6,E4,e4-p-no-3,E4,도장공장,34.884200,128.725200,34.879200,128.721000,675.2,2.7
e4-s-no-6,E4,e4-p-no-4,E4,도장공장,34.884200,128.725200,34.879400,128.719800,726.3,2.91
e4-s-no-6,E4,e4-p-no-5,E4,도장공장,34.884200,128.725200,34.879100,128.718700,820.5,3.28
e4-s-no-6,E4,e4-p-no-6,E4,도장공장,34.884200,128.725200,34.879500,128.719300,750.2,3
e4-s-no-6,E4,e4-p-no-7,E4,도장공장,34.884200,128.725200,34.879800,128.719900,687.9,2.75
e4-s-no-6,E4,e4-p-no-8,E4,도장공장,34.884200,128.725200,34.880300,128.720700,597.2,2.39
e4-s-no-6,E4,e4-p-no-9,E4,도장공장,34.884200,128.725200,34.880300,128.718500,749.4,3
e4-s-no-6,E4,e4-f-no-1,E4,의장공장,34.884200,128.725200,34.874400,128.719000,1227.8,4.91
e4-s-no-6,E4,e4-f-no-2,E4,의장공장,34.884200,128.725200,34.874500,128.719200,1209.5,4.84
e4-s-no-6,E4,e4-f-no-3,E4,의장공장,34.884200,128.725200,34.874700,128.719200,1189.7,4.76
e4-s-no-6,E4,e4-f-no-4,E4,의장공장,34.884200,128.725200,34.874800,128.719200,1179.9,4.72
e4-s-no-6,E4,e4-f-no-5,E4,의장공장,34.884200,128.725200,34.875200,128.719500,1127.8,4.51
